Title;Title_cat
Bench barbell roll-out;407
Barbell Side Bend;346
Advanced Kettlebell Windmill;230
Kettlebell Pass Between The Legs;1702
Dumbbell spell caster;737
Plate Twist;2098
Bosu Ball Cable Crunch With Side Bends;451
Cable reverse crunch;499
Cable Russian Twists;488
Cable Seated Crunch;489
Cable Judo Flip;484
Gorilla Chin/Crunch;984
Crunch - Hands Overhead;584
Stomach Vacuum;2597
Butt-Ups;473
Janda Sit-Up;1671
Leg Pull-In;1788
Cross Crunch;569
Full Moon;970
Hanging knee raise with manual resistance;1179
Partner lying leg raise with lateral throw down;2053
Hanging leg raise with throw down;1181
Partner sit-up with high-five;2060
Partner lying leg raise with throw down;2054
Partner target sit-up;2061
Suspended Crunch;2625
Partner front Russian twist and pass;2052
Partner side Russian twist and pass;2058
Weighted Ball Side Bend;2839
Band Hip Adductions;288
Adductor SMR;229
Lying Bent Leg Groin;1820
Elbow plank;760
Bottoms Up;454
Spider crawl;2491
Cocoons;562
Cross-Body Crunch;571
Brachialis SMR;462
Wide-grip barbell curl;2861
Close-grip EZ-bar curl;554
Barbell Curls Lying Against An Incline;333
Seated Close-Grip Concentration Barbell Curl;2235
Close-grip barbell curl;555
Drag curl;638
Lying High Bench Barbell Curl;1830
Seated wide-grip curl to close-grip curl;2282
Seated Straigh-Bar Curl Superset;2259
Incline Hammer Curls;1636
Biceps curl to shoulder press;431
Flexor Incline Dumbbell Curls;947
Cross-body hammer curl;573
Standing concentration curl;2569
Preacher Hammer Dumbbell Curl;2119
Lying Supine Dumbbell Curl;1836
Standing Dumbbell Reverse Curl;2535
Palms-out incline biceps curl;2043
Straight-arm plank with biceps curl;2607
Face-down incline dumbbell biceps curl;934
Seated Dumbbell Inner Biceps Curl;2237
Dumbbell Get-Up Sit-Up;671
Standing Inner-Biceps Curl;2547
Reverse Plate Curls;2171
Standing Biceps Stretch;2525
Suspended Curl;2626
Plate hammer curl;2101
Reverse Cable Curl;2164
Lying cable biceps curl;1839
Cable rope preacher hammer curl;501
Lying Close-Grip Bar Curl On High Pulley;1822
Machine Bicep Curl;1855
Machine Preacher Curls;1859
Elbow-to-knee crunch;762
Reverse Barbell Preacher Curls;2161
Close-Grip EZ-Bar Curl with Band;550
Calf Raises - With Bands;514
Calf SMR;515
Rocking Standing Calf Raise;2196
Standing barbell calf raise;2558
Barbell Seated Calf Raise;344
Calf Raise On A Dumbbell;513
Balance Board;285
Anterior Tibialis-SMR;260
Foot-SMR;953
Standing Calf Raises;2533
Calf Press;510
Smith Machine Reverse Calf Raises;2451
Decline Crunch;595
Cross Over - With Bands;570
Bench Press - With Bands;404
Bench Press With Short Bands;405
Feet-Elevated TRX Push-Up;936
Wide-grip bench press;2862
Wide-Grip Decline Barbell Bench Press;2856
Neck Press;1993
Front Raise And Pullover;964
Barbell Bench Press-Wide Grip;330
Wide-Grip Decline Barbell Pullover;2857
Barbell Guillotine Bench Press;340
Extended Range One-Arm Kettlebell Floor Press;783
Kettlebell alternating floor press;1706
One-Arm Kettlebell Floor Press;2015
Leg-Over Floor Press;1793
Hanging toes-to-bar;1182
Hanging Oblique Knee Raise;1175
Hanging leg raise;1180
Mountain climber;1973
Ab bicycle;226
3/4 sit-up;1
Reverse crunch;2173
Crunches;585
Dead bug reach;589
V-up;2817
Russian twist;2216
Flat Bench Lying Leg Raise;945
Knees tucked crunch;1763
Feet-elevated oblique crunch;940
Bent-knee reverse crunch;423
Alternating heel-touch;251
Suspended Reverse Crunch;2629
Lying bench reverse crunch;1838
Sit-up;2429
Side Bridge;2299
Leverage Incline Chest Press;1799
Leverage Chest Press;1795
Decline Smith Press;602
Leverage Decline Chest Press;1797
Smith Machine Decline Press;2449
Smith machine bench press throw;2458
Incline cable chest press;1646
Cable Chest Press;477
Cable cross-over;496
Standing Cable Chest Press;2527
Chest Push (multiple response);528
Chest Push (single response);529
Chest Push with Run Release;531
Chest Push from 3 point stance;530
Reverse-grip incline dumbbell bench press;2183
Hammer Grip Incline DB Bench Press;1159
Incline Dumbbell Bench With Palms Facing In;1625
Incline Dumbbell Flyes - With A Twist;1629
One-Arm Flat Bench Dumbbell Flye;2014
Bodyweight Flyes;436
Drop Push;639
Forward Drag with Press;956
Chain Press;525
Behind Head Chest Stretch;396
Pass-through stretch with band;2062
Heavy Bag Thrust;1185
Decline Explosive Push-Up;600
Suspended Chest Fly;2624
Svend press;2637
Bar Push-Up Smith Machine;324
Exercise ball chest stretch;771
Bosu Ball Push-Up;452
Standing behind-the-back wrist curl;2561
Seated finger curl;2272
Bottoms-Up Clean From The Hang Position;455
Seated One-Arm Dumbbell Palms-Up Wrist Curl;2253
Palms-Up Dumbbell Wrist Curl Over A Bench;2041
Seated palms-down wrist curl;2277
Palms-Down Dumbbell Wrist Curl Over A Bench;2040
Seated One-Arm Dumbbell Palms-Down Wrist Curl;2252
Seated Dumbbell Palms-Up Wrist Curl;2238
Partner farmer's walk;2051
Rickshaw Carry;2186
Wrist Roller;2867
Standing Olympic Plate Hand Squeeze;2551
Plate Pinch;2096
Seated Two-Arm Palms-Up Low-Pulley Wrist Curl;2260
Cable Wrist Curl;495
Lying oblique crunch;1851
Hip Extension with Bands;1197
Hip Lift with Band;1199
Kneeling Squat;1756
Kneeling Jump Squat;1755
Suspended Hip Thrust;2627
Pull Through;2122
Side Jackknife;2301
Scissor Kick;2220
Toe Touchers;2688
Lower Back Curl;1812
Exercise ball torso rotation;781
Seated Overhead Stretch;2254
Downward Facing Balance;637
Band Good Morning (Pull Through);287
Hamstring-SMR;1162
Clean Deadlift;540
Sumo deadlift;2617
Romanian Deadlift from Deficit;2202
Power Snatch;2113
Power Clean from Blocks;2111
Snatch Deadlift;2481
Hang Snatch;1169
Wide Stance Stiff Legs;2852
Clean;539
Sumo Deadlift with Chains;2615
Sumo Deadlift with Bands;2614
Good Morning off Pins;983
Stiff-Legged Deadlift;2593
Snatch Pull;2482
Hanging Bar Good Morning;1172
Reverse Band Sumo Deadlift;2160
Muscle Snatch;1982
Split Snatch;2500
Hang Snatch - Below Knees;1170
Single-arm kettlebell clean;2377
Romanian Deadlift with Kettlebell;2203
Kettlebell Dead Clean;1699
Alternating Hang Clean;240
One-Arm Open Palm Kettlebell Clean;2022
Open Palm Kettlebell Clean;2024
Kettlebell Hang Clean;1700
Double Kettlebell Alternating Hang Clean;623
Romanian Deadlift With Dumbbells;2201
Vertical Swing;2820
Box jump;461
Sled push-;2441
Lying Hamstring;1828
Chair Leg Extended Stretch;526
Suspended Leg Curl;2628
Box Skip;458
Power Stairs;2115
Seated Hamstring and Calf Stretch;2246
Hamstring slide;1161
Lying Leg Curls;1832
Reverse Hyperextension;2168
Standing Leg Curl;2548
Smith machine stiff-legged deadlift;2476
Overhead Stretch;2030
Seated Scissor Kick;2256
Partner resistance standing twist;2057
Straight-Legged Hip Raise;2602
Wall mountain climber;2832
Skin The Cat To Push-Up;2432
Exercise ball knee roll-in;774
Crab toe-touch;567
Side kick-through;2309
Assisted Chin-Up;266
Barbell pull-over to press;371
Rocky Pull-Ups/Pulldowns;2197
Gironda Sternum Chins;973
Floor rope climb;951
Overhead Lat;2028
Around-the-world pull-up;264
L-sit chin-up;1764
Single-arm kneeling lat pull-down;2387
Elevated Cable Rows;763
Full Range-Of-Motion Lat Pulldown;971
Machine seated row;1876
Machine-assisted pull-up;1879
Jump Lunge;1680
Side plank hip dip;2314
Catch and Overhead Throw;523
Barbell deficit deadlift;359
Deadlift with Bands;591
Deadlift with Chains;592
Rack Pull with Bands;2150
Seated Good Mornings;2244
Stiff Leg Barbell Good Morning;2592
Reverse Band Deadlift;2158
Axle Deadlift;272
Atlas Stone Trainer;269
Keg Load;1695
Partner bench back extension;2050
Seated Back Extension;2223
Elbow plank jack;761
Exercise ball V-up;769
Exercise ball weighted hyperextension;782
Partner Facing Feet-Elevated Side Plank With Band Row;2048
Yates Row Reverse Grip;2870
Straight Bar Bench Mid Rows;2598
Yates Row;2869
Plate Row;2097
Barbell Deadlift Bent Row Complex;335
Single-Arm Landmine Row;2330
Two-Arm Kettlebell Row;2730
Bent Over Two-Dumbbell Row With Palms In;416
Middle Back Shrug;1968
Inverted Row with Straps;1661
One Arm Chin-Up;2003
Sled Row;2440
Leverage High Row;1798
Upright Row - With Bands;2813
Clean Shrug;542
Snatch Shrug;2483
Lying Face Down Plate Neck Resistance;1825
Lying Face Up Plate Neck Resistance;1826
Seated Head Harness Neck Resistance;2247
Calf-Machine Shoulder Shrug;516
Standing torso twist stretch;2587
Slalom jumps;2434
Bear crawl;388
Squats - With Bands;2516
Hip Flexion with Band;1198
Forward Band Walk;955
Clean from Blocks;545
Hang Clean;1167
Olympic Squat;1999
Box Squat with Bands;459
Weighted Jump Squat;2842
Squat with Chains;2514
Hang Clean - Below the Knees;1168
Split Jerk;2498
Jefferson Squats;1672
Jerk Dip Squat;1674
Frankenstein Squat;958
Clean Pull;541
Front Barbell Squat To A Bench;961
Split Clean;2497
Front Squat (Clean Grip);966
Squat Jerk;2510
Box Squat with Chains;460
Snatch from Blocks;2484
Power Snatch from Blocks;2114
Squat with Bands;2513
Heaving Snatch Balance;1184
Snatch Balance;2480
Reverse Band Power Squat;2159
Front Squats With Two Kettlebells;967
Kettlebell Pistol Squat;1703
Kettlebell Curtsy Lunge;1698
Dumbbell Squat To A Bench;685
Single-Arm Dumbbell Overhead Squat;2328
Dumbbell Pistol Squat;679
Dumbbell Squat Snatch;684
Dumbbell Alternating Lunge;641
Dumbbell Side Lunge;683
Single Leg Push-off;2324
Skating;2431
Yoke Walk;2872
Front Cone Hops (or hurdle hops);962
Weighted Squat;2845
Backward Drag;283
Intermediate Hip Flexor and Quad Stretch;1659
Single-Leg Box Jump;2332
Conan's Wheel;563
Single-Leg Hop Progression;2334
Rickshaw Deadlift;2187
Single-Leg Stride Jump;2339
Trap Bar Jump;2712
Single-Leg Lateral Hop;2335
Sandbag Load;2217
Car Deadlift;519
Barbell Squat To A Box;350
Double Under;628
Cable Hip Adduction;482
Cable Deadlifts;480
Narrow Stance Hack Squats;1984
Recumbent Bike;2155
Leverage Deadlift;1796
Crab single-arm reach;566
Side lunge cross-body heel-touch;2312
Alligator Crawl;234
Lying cross-over lower back stretch;1845
Half bird dog;1157
Shoulder tap;2295
Double crunch;629
Flutter kick;952
Sprawl;2503
Spider plank jack;2495
Pillar-To-Plank;2084
Alternating High Knee Raise;241
Sumo Squat Pulse;2616
Line-Drill Foot Work;1802
Bosu Ball Squat;453
Internal Rotation with Band;1660
Back Flyes - With Bands;281
Lateral Raise - With Bands;1773
Shoulder Press - With Bands;2291
External Rotation with Band;784
Snatch-Grip Behind-The-Neck Overhead Press;2485
Bradford/Rocky Presses;463
Rack Delivery;2148
Smith Incline Shoulder Raise;2445
Tall Muscle Snatch;2668
Axle Clean And Press;271
Jerk Balance;1673
Two-Arm Kettlebell Military Press;2729
Alternating Kettlebell Press;242
Two-Arm Kettlebell Clean;2727
Kettlebell Seated Press;1704
Double Kettlebell Jerk;624
Kettlebell Arnold Press;1697
One-Arm Kettlebell Split Snatch;2020
One-Arm Kettlebell Para Press;2018
One-Arm Kettlebell Split Jerk;2019
One-Arm Kettlebell Military Press To The Side;2017
One-Arm Kettlebell Jerk;2016
Double Kettlebell Snatch;626
Two-Arm Kettlebell Jerk;2728
Power Partials;2112
Dumbbell Raise;680
Reverse Flyes With External Rotation;2166
Dumbbell Scaption;681
See-Saw Press (Alternating Side Press);2283
Dumbbell Incline Shoulder Raise;675
Dumbbell Clean And Jerk;646
Circus Bell;537
Crucifix;581
Bar shoulder extension stretch;325
Chair Upper Body Stretch;527
Sled Overhead Backward Walk;2436
Log Lift;1806
Cable Internal Rotation;483
Cable Shoulder Press;491
Alternating Cable Shoulder Press;237
Plank Fire Hydrants;2088
Backward Medicine Ball Throw;284
Standing Two-Arm Overhead Throw;2554
Decline Close-Grip Bench To Skull Crusher;594
Bench Press with Chains;406
Floor Press;948
One Arm Floor Press;2004
Pin Presses;2085
JM Press With Bands;1669
JM Press;1668
Floor Press with Chains;949
Reverse Band Bench Press;2157
Decline Dumbbell Triceps Extension;598
One Arm Pronated Dumbbell Triceps Extension;2005
One Arm Supinated Dumbbell Triceps Extension;2006
Seated Bent-Over Two-Arm Dumbbell Triceps Extension;2227
Tate Press;2669
Seated Bent-Over One-Arm Dumbbell Triceps Extension;2226
Dumbbell Tricep Extension -Pronated Grip;687
Chain Handle Extension;524
Sled Overhead Triceps Extension;2437
Suspended Triceps Press;2630
Low Cable Triceps Extension;1809
Banded jumping jack;322
Shin hug;2286
Supine Chest Throw;2622
Lying Close-Grip Barbell Triceps Press To Chin;1824
Partner plank band row;2056
Banded crunch isometric hold;319
FYR Banded Plank Jack;789
Banded crunch;318
Crunch;582
Decline band press sit-up;603
FYR2 Banded Frog Pump;841
Band low-to-high twist;298
Barbell roll-out;374
Barbell Ab Rollout - On Knees;327
Decline bar press sit-up;604
Seated bar twist;2262
Single-arm landmine pull and press;2389
Barbell Ab Roll Out - Gethin Variation;326
30 Barbell Floor Wiper;73
30 Barbell Roll-Out;74
Decline plate sit-up;613
KV Barbell Hip Thrust;1690
Kettlebell Windmill;1705
Kettlebell 3-point leg extension;1696
Double Kettlebell Swing;627
Burpee over kettlebell;470
Kettlebell toe-touch;1723
Kettlebell swing;1720
Two-way swing;2731
Kettlebell crab reach;1709
Taylor Single-Arm Kettlebell Swing;2678
Holman Kettlebell Up to Elbow Down;1370
FYR2 Double-Kettlebell Ski;851
FYR2 Kettlebell Hike;882
FYR2 Kettlebell Cross-Body Catch;875
FYR2 Kettlebell Duck Walk;876
FYR2 Kettlebell Get-Up Reach;877
FYR2 Kettlebell Juggle;883
FYR2 Squat-Clean-Alternating-Press Complex;930
Dumbbell V-Sit Cross Jab;688
Dumbbell side bend;733
Dumbbell crunch;698
Dumbbell Fix Dumbbell Sprawl;662
Dumbbell Fix Alternating Renegade Row;649
Dumbbell Fix Dumbbell Mountain Climber;656
Dumbbell Fix Dumbbell Russian Twist;658
Dumbbell Fix Dumbbell Pull-Over;657
Dumbbell Fix Dumbbell Sit-Up;660
Dumbbell Fix Dumbbell Front Squat;654
Dumbbell Fix Full Man Maker;664
Dumbbell T-hold;686
Dumbbell hollow-body floor press;710
Dumbbell crusher;699
Dumbbell Crunch - Gethin Variation;647
Single-arm dumbbell crunch;2358
HM Alternating Dumbbell Plank Row;994
Dumbbell straight-legged hip raise;743
Seated leg tuck with dumbbell;2276
Dumbbell V-sit cross jab-;689
30 Hanging Leg Raise With Dumbbell;112
Holman Right Side Plank with Left Triceps Press;1459
Holman Left Side Plank with Right Triceps Press;1395
Holman Boat with Feet Push-Out and Overhead Press;1241
Holman Hovering Plank Row;1359
Holman Weighted Seated Killer Abs to Russian Twist;1599
Holman Straight Plank Dumbbell Reach-Under;1519
Holman Straight-Arm Side Plank Overhead Press to Chest Press;1535
Holman Weighted Burpee to Pike;1573
Holman Straight-Legged Boat Chest Press;1538
Holman Weighted Burpee to Side Delt Raise;1576
Holman Heavy Double Pike;1343
Holman Heavy Double Split Pike;1344
MetaBurn Alternating Dumbbell Sit-Through;1903
MetaBurn Alternating Plank Row With Dumbbell Pull-Through;1906
MetaBurn Alternating Plank Row With Push-Up;1907
MetaBurn Dumbbell Russian Twist;1918
MetaBurn Dumbbell Toe-Touch;1919
MetaBurn Plank To Alternating Row;1932
Standing dumbbell knee crunch-;2572
MetaBurn Plank With Dumbbell Rotation;1937
FYR2 Dumbbell Crab Reach;857
FYR2 Dumbbell Man-Maker;865
FYR2 Dumbbell Sit-Up Reach;866
FYR2 Loaded Beast Sprawl;897
FYR2 Loaded to Unloaded Beast;898
Lying Leg Pullover;1833
Landmine twist;1769
Suspended ab fall-out;2631
Decline reverse crunch;615
Weighted Crunches;2841
Ab Roller;223
Otis-Up;2025
Captain's chair knee raise;517
Sledgehammer swing;2442
Decline bar press sit-up;604
Pallof press;2038
Weighted Sit-Ups - With Bands;2844
Suitcase crunch;2613
FYR Rope Jumping;821
Barbell press sit-up;370
Single-arm bent-over rear delt fly;2348
Captain's chair leg raise;518
Shoulder-Elevated One-Leg Hip Thrusts;2296
Ab Twist - Gethin Variation;224
Weighted Crunch - Gethin Variation;2840
Ab Wheel Roll-Out - Gethin Variation;225
Bench crunch;408
Decline plate sit-up twist;614
Reverse ab roll-out;2172
30 Seated Twist With PVC Pipe;141
Suspended crunch-;2632
Suspended oblique crunch;2633
Weighted sit-up;2851
30 Decline Press Sit-Up;107
Holman Towel Reverse Plank Alternating Heel Pull-in;1553
Holman Boat with Weighted Cross Punch;1242
Holman Weighted Hook Punch;1583
Holman Weighted Traveling Punch;1602
Holman Weighted Uppercut Punch;1603
Holman Slow Weighted Double Pike;1484
Holman Plate Straight Plank Reach;1420
Holman Plate Elbow Plank Jack to Straight Plank Jack;1414
Holman Plate Hill Climber;1416
Holman Plate Reverse Plank Hill Climber;1418
Holman Plate Straight Plank Pike to Jack;1419
Holman Plate In-and-Out Push-Up;1417
Holman Plate Burpee;1412
Holman Plate Elbow Plank Reach;1415
Holman Elbow Plank to Renegade Row;1290
Holman Straight Plank Weighted Hand Hill Climber;1529
Holman Weighted Left Side Diagonal Pike;1587
Holman Weighted Right Side Diagonal Pike;1598
Holman Weighted W-Boat to Overhead Press;1604
Holman Weighted Kneeling Lift;1586
Holman Hips-Up Weighted Pull-Over;1357
Holman Weighted Cross Punch;1578
Holman Straight-Leg Boat Hover Chest Press;1536
Holman Weighted Pike;1595
Holman Feet-Elevated Wax-On Wax-Off;1315
Holman Elbow Plank to Towel Pike;1292
Holman Seated Killer Abs Overhead Press;1467
Holman Straight Plank Alternating Weighted Open;1517
Holman Weighted Killer Abs with Overhead Press;1585
Holman Weighted Split-Leg Pike;1600
Holman Towel Reverse Plank Heel Pull-in;1554
Stick Twist;2591
Roc Everest;2194
Standing cable low-to-high twist;2565
Single-arm high-cable side bend;2369
Kneeling cable oblique crunch;1758
Kneeling cable crunch;1757
Rope Crunch;2204
Standing cable crunch;2562
Standing Cable Wood Chop;2530
Pallof press with rotation;2039
Exercise Ball Cable Crunch - Gethin Variation;765
Standing cable high-to-low twist;2563
Bent-Over Reverse Cable Fly;419
Standing Cable Crunch - Gethin Variation;2528
AM Cable Crunch;198
Tyler Holt Weighted Knee-To-Chest Crunch;2737
Standing cable twist;2567
30 Cable Rope Crunch;79
30 Cable Rope Oblique Crunch;80
Cable lying twist on ball;497
30 Cable Pallof Press;76
30 Cable Reverse Crunch On Ball;78
30 Cable Reverse Crunch;77
Tyler Holt Cable Torso Twist;2732
Single-Arm Cable Outward-Facing Biceps Curl;2326
Biceps Rope Curl;430
Kneeling Cable Crunches;1753
Ab Crunch Machine;222
Smith machine straight-legged hip raise;2477
Machine crunch;1870
AM Ab Machine;191
Smith machine V-up;2453
FYR Bear Crawl Fire Feet;790
Bear crawl up-down;395
FYR Crab Kick;794
Bear crawl hold;391
Traveling bear crawl;2713
Single-leg V-up;2408
FYR Bear Crawl Shoulder Tap;791
Alternating single-leg sprawl;254
Wide mountain climber;2853
Plank leg raise;2092
Glute bridge step-out;977
Knee up-down;1749
FYR Sprawl;825
Reach crunch;2152
FYR Push-Up Plank Hold;820
FYR Hollow-Body Rock;809
V-up plus knee-to-chest combo;2818
Side plank lateral raise;2315
Superhero burpee;2618
Hollow-body abduction;1201
FYR Hollow Hold;808
Tip-toe crunch;2686
Knee-to-nose pulse;1751
Plank walk-out;2095
FYR V-Up;831
Long sit-up;1807
FYR Breakdancer;793
Seated leg lift;2274
Gorilla burpee;985
Knee-in to V-out;1750
Bear crawl push-up;392
FYR Front Step;805
Plank reach;2093
Eiffel Tower leg raise;759
Straight-arm plank;2606
Plank up-down;2094
Frog kick;959
FYR Knees to Chest;815
Front kick-through;968
FYR Sit-Up;824
FYR Leg Lift;816
TBS Toes-to-bar;2666
FYR Mountain Climber;817
Roman Chair Side Ups;2199
Push-Up Roll Out - Gethin Variation;2129
Cross-Body Crunch - Gethin Variation;572
Decline leg lift with twist;612
Hanging Leg Raise - Variation Gethin;1173
Butterfly crunch;475
Cross-body mountain climber;574
Flat Bench Lying Leg Raise - Gethin Variation;946
Lying leg lift;1850
Hanging alternating single-leg raise;1176
Plank Walk;2091
Sit-Up - Gethin Variation;2428
Plank Push-Up;2089
Decline crunch-;606
Alternating lying leg raise;253
Decline leg lift;611
Crunch - Gethin Variation;583
Plank - Gethin Variation;2087
Barbell floor wiper;360
Prison Push-Up;2120
McGill Modified Curl-Up;1881
Cross-body toe-touch;578
Toy soldier;2710
Natural Glute Ham Raise with Stability Ball;1990
Lateral ape;1776
Hollow-body knee tuck;1202
HM Air Jumping Rope;989
HM Alternating Lunge Reach;998
HM Alternating Side Plank Reach;1002
HM Superman Plank;1140
HM Table Pose;1142
HM Toe Touch;1143
HM Right Side Bird-Dog;1104
HM Right Side Crunch;1105
HM Bicycle;1017
HM Bird-Dog Plank;1018
HM Boat Pose;1019
HM Bottoms Up;1020
HM Bridge;1022
HM Running Man Crunch;1111
HM Seated Twist;1112
HM Side-Bend Pose;1117
HM Side-Plank Arm Wrap;1118
HM Side-Plank with Hip Touch;1119
HM Side-Plank with Kick;1120
HM Side V-Up;1116
HM Crab Crunch;1033
HM Cross-Over Crunch;1034
HM Crunch Pulse;1035
HM Dead Bug;1036
HM Single-Leg Inchworm;1122
HM Floor Jack;1046
HM Floor Wiper;1048
HM Floor Kick;1047
HM Sit-Up;1127
HM Slow Mountain Climber;1128
HM Slow Sit-Up;1129
HM Half-Up;1055
HM Hollow-Body Pulse;1060
HM Hollow Hold;1059
HM Inchworm;1063
HM Right Side Hollow Hold with Pulse;1106
HM Reverse Crunch with Frisbee;1099
HM Left Side Bird-Dog;1078
HM Left Side Crunch;1079
HM Left Side Hollow Hold With Pulse;1080
HM Reverse Crunch;1098
HM Low Lunge With External Twist And Arm Reach;1086
HM Mountain Climber;1088
HM Prison Sit-Up;1094
HM Plank Alternating Hip-Dip;1093
HM Tuck-Up Get-Up;1145
HM Flutter Kick;1049
HM Plank;1092
McGill Pull-Up;1882
AM Leg Lift;209
AM Decline Abs;201
Hanging crunch;1177
Tyler Holt Hanging Toes-To-Bar;2733
Side plank;2313
Bird dog-;433
Single-leg curl up;2414
Single-kettlebell windmill;2407
UNS Foam Roll Thigh;2772
UNS Inverted row;2776
UNS T-spine rotation with reach;2783
UNS Quadruped thoracic rotation;2781
UNS Pec stretch;2780
UNS Lat stretch;2778
UNS Foam Roll;2768
UNS Foam Roll Lats;2770
UNS Rocking Adductor Stretch;2782
UNS Bird Dog;2764
UNS Jumping Jack;2777
Ab wheel roll-out;227
Bench mountain climber;410
Feet-elevated bench side plank;938
Cross-body sit-up;577
Decline kayak;610
30 Decline Reverse Crunch;108
Decline sit-up twist;616
30 Flat Bench Leg Raise;109
30 Flutter Kick;110
Chin-up crunch;536
30 Gorilla Chin Oblique Crunch;111
Half Turkish get-up;1156
30 Hanging Oblique Crunch;113
30 Hollow-Body Hold;115
Parallel bars knee raise;2046
30 Landmine Twist;116
Parallel bars leg raise;2047
Otis-up-;2026
30 Shoulder Tap;142
30 Spider Crawl;175
Spider crunch;2492
Toe-touch;2689
30 Hanging Toes-To-Bar;114
30 V-Up;176
Cocoon crunch;561
Bench oblique crunch;411
Full moon-;972
Push-up to side plank;2137
Tyler Holt V-Up;2736
Tyler Holt Plank;2735
Tyler Holt Hip-Dip;2734
Suicides;2611
Holman Towel Straight Plank Jack;1559
Holman Towel Hill Climber;1551
Holman Towel Elbow Plank Jack;1549
Holman Towel Elbow Plank Pike;1550
Holman Towel Straight Plank Hand Reach;1558
Holman Towel Wax-On Wax-Off;1560
Holman Towel Wide Hill Climber;1561
Holman Towel Dirty Dog;1547
Holman Straight Plank Shoulder Tap;1526
Holman Killer Abs;1371
Holman Straight Plank Split Jack;1527
Holman Elbow Plank Swim;1288
Holman Elbow Plank Saw;1287
Holman Feet-Elevated Straight Plank Toe-Tap Series;1312
Holman Elbow Plank Pike Pull;1285
Holman Hand-Elevated Walk-Over Push-Up;1332
Holman Hands-Elevated Hill Climber;1336
Holman Seated Pike;1469
Holman Feet-Elevated Up-Down Plank;1314
Holman Feet-Elevated Hand Tap;1298
Holman Reverse Straight Plank with Alternating Heel Pull-In;1437
Holman Elbow Plank;1278
Holman Straight Plank Squat Thrust;1528
Holman Alternating Single-Leg Pike;1226
Holman Knee Pull-In Crunch;1372
Holman Straight Plank with Hand Tap;1534
Holman Straight Plank with Dirty Dog;1533
Holman Elbow Plank Roll;1286
Holman Froggy Push-Up;1326
Holman Straight Plank Hand Tap to Shoulder Tap;1520
Holman In-Out Straight Plank;1363
Holman Bicycle;1237
Holman Alternating Diagonal Knee Pull-in;1213
Holman Elbow Plank with Step-Out;1294
Holman Alternating Slow L-Raise;1227
Holman Feet-Elevated Plank with Shoulder Tap;1306
Holman Feet-Elevated Inchworm Pike to Straight Plank Push-Up;1301
Holman Feet-Elevated Up-Down Elbow Plank;1313
Holman Feet-Elevated Plank Pike Pull;1303
Holman Feet-Elevated Alternating Single-Leg Hip Raise;1296
Holman Feet-Elevated Plank Pike Pull to Push-Up;1304
Holman Standing Heel Click;1513
Holman Straight Plank Right-Left Jack to Split Jack;1525
Holman Elbow Plank Jack to Ninja Knees;1281
Holman Right Side Elbow Plank with Left Leg Swing;1458
Holman Left Side Elbow Plank with Right Leg Swing;1394
Holman Straight Plank with Alternating Diagonal Sit-Back;1531
Holman Boat Press with Leg Extension;1239
Holman Shoulder Tap to Dirty Dog;1470
Holman Standing Russian Twist;1515
Holman Hovering Plank with Shoulder Tap;1360
Holman Elbow Plank to Stacked Plank Hip Drop;1291
Holman Elbow Plank to Walk-Up Pike;1293
Holman Hill Climber;1354
Holman Straight Plank Pike to Renegade Row;1523
Holman Alternating Hip Drop to Push-Up;1220
Holman Crab Kick;1259
Holman Wounded Bear Crawl;1611
Holman Alternating Crab Reach;1212
Holman Hovering Panther Core Stabilizer;1358
Holman Burpee to Forward Lunge;1248
Holman Seated Knee Pull-In Series;1468
Holman Elbow Plank Pike;1284
Holman Elbow Plank Jack to Straight Plank Split Jack;1282
Holman Boat Pull-Over;1240
Holman Squat Pulse to Plyometric Jump;1496
Holman Hands Down Heel Click;1333
Holman Straight Plank to Kick-Up;1530
Holman Hands-Elevated Split Jack;1339
Holman Feet-Elevated Plank Reach;1305
Holman Hand-Elevated Side Plank Semicircle;1331
Holman Hands-Elevated Straight Plank Pike;1341
Holman Alternating Rolling Elbow Plank;1223
Holman Elbow Plank Jack;1280
Holman Squat Thrust to Alternating Knee-In;1501
Holman Supine Double Pike;1540
Holman Elbow Plank Alternating Pike;1279
Holman Seated Killer Abs;1466
Holman Side Plank Hip Drop;1473
Holman Wide Hill Climber;1606
Holman Straight-Legged Bicycle;1537
Holman Stair Toe Tap;1511
Holman Elbow Plank Ninja;1283
Holman Traveling Stair Climb Push-Up;1564
Holman Hands-Elevated Burpee;1335
Holman Straight Plank Donkey Kick;1518
Holman Feet-Elevated Straight Plank Pike Pull;1311
Holman Towel Burpee;1545
Holman Elbow Plank to Alternating Side Plank Crunch;1289
Holman Straight-Legged Hip Raise;1539
Holman Feet-Elevated Hill Climber;1299
Holman Ninja Knee Hill Climber;1407
Holman Feet-Elevated Shoulder Tap;1309
Holman Feet-Elevated Hip Raise;1300
Holman Left Hand Right Foot Crab Reach;1380
Holman Alternating Crab Flip to Froggy Push-Up to Kicks;1211
Holman Right Hand Left Foot Sleeping Crab;1445
Holman Left Hand Right Foot Sleeping Crab;1381
Holman Straight Plank with Alternating Leg Kick-Under;1532
Holman Right Hip Drop Push-Up;1446
Holman Right Side Diagonal Burpee;1457
Holman Left Hip Drop Push-Up;1382
Holman Right Leg 7-Up Crunch;1447
Holman Left Leg 7-Up Crunch;1383
Holman Straight Plank Jack;1521
Holman Feet-Elevated Couch Hill Climber;1297
Holman Feet-Elevated Right Side Plank;1308
Holman Alternating Up-Down Plank to Push-Up;1229
Holman Straight Plank Pike;1522
Holman Ninja Knee Straight Plank;1408
Holman Reverse Crunch to Hip Raise;1436
Holman Straight Plank Quick Reach;1524
Holman Alternating Diagonal Straight Plank;1214
Holman Feet-Elevated Left Side Plank;1302
Holman Right Hand Left Foot Crab Reach;1444
Holman Low-Impact Crab Kick;1400
Holman Alternating Crab Flip to Froggy Push-Up;1210
Holman High-Impact Crab Kick;1353
Holman Single-Leg Right Pike;1476
Holman Single-Leg Left Pike;1475
Holman Shoulder Tap to Hand Tap;1471
Holman Towel Reverse Plank Jack;1555
Holman Side-to-Side Twist;1474
Holman Crab Kick with Hop;1260
Holman Crab Reach to Crab Kick;1261
Holman Wide Squat Side-to-Side Obliques;1607
Holman Side Plank Crunch;1472
Total Fitness Ab Tuck;2690
Active hang from bar;228
Cat-cow;522
Crab walk;568
Lunge with overhead reach;1819
Hang from bar;1171
Total Fitness Hollow Hold;2699
Total Fitness Side Plank;2702
Side plank pulse;2316
Total Fitness Spider Crawl (Unweighted);2704
Total Fitness V-Up;2707
MetaBurn Alternating Knee-to-Elbow Mountain Climber;1904
Alternating sit-through with crunch-;256
MetaBurn Alternating Toe-Touch;1909
MetaBurn Janda Sit-Up;1926
MetaBurn Oblique Roll Crunch;1929
MetaBurn Plank Jack;1931
MetaBurn Plank To Alternating Side Plank;1933
MetaBurn Plank Up-Down;1934
MetaBurn Plank Wiper;1935
MetaBurn Plank With Alternating Toe-Touch;1936
MetaBurn Plyo Push-Up;1938
MetaBurn Psycho Crunch;1939
MetaBurn Scapular Retraction Plank;1945
MetaBurn Scapular Retraction Plank Hold;1946
MetaBurn Scorpion;1947
MetaBurn Side Crawler;1948
MetaBurn Side Plank Oblique Crunch;1949
MetaBurn Sit-Through;1952
MetaBurn Sit-Up To V-Up;1953
MetaBurn Sit-Up With Rotation;1954
MetaBurn Split-Leg Crunch;1958
MetaBurn Tabletop Hip Thrust;1963
MetaBurn Tabletop With Russian Kick;1964
MetaBurn Toe Driver Abs;1965
MetaBurn-V-Up;1967
X-body V-up;2868
MetaBurn Swivel Crunch;1962
Robertson Core-Engaged Dead Bug;2190
FYR2 Double-Under;855
FYR2 Fire Feet with Burpee Tuck Jump Drill;868
FYR2 Flutter Kick;869
FYR2 Half-Moon;873
FYR2 Leopard Crawl;896
FYR2 Plank Alternating Front Step;905
FYR2 Shoulder Tap;916
Hand shift plank;1164
Cross-body plank march;575
Bent-knee Copenhagen hip adduction;422
Copenhagen plank;565
ACFT Hanging leg tuck;185
Alternating hanging knee raise;250
Plank To Sphinx;2090
Twisting Mountain Climbers;2726
Jack Knives;1670
Hanging Leg Raises;1174
Standing Hip Circles;2545
Fire Hydrant;944
Single-leg lying cross-over stretch;2423
Windmills;2864
Monster Walk;1972
IT Band and Glute Stretch;1618
Standing hip circle;2578
Dynamic pigeon stretch;751
Cross-over jack;579
Traveling thigh killa;2714
FYR Thigh Killa;829
HM Straddle Stretch;1135
HM Right Leg Swing;1103
HM Right Side-Kick;1108
HM Frog Stretch;1052
HM Kick-Out;1073
MetaBurn Groiner;1923
Groiners;988
Side Leg Raises;2303
Lateral hop;1779
Side Lying Groin Stretch;2305
Carioca quick step;521
Lateral cone hop;1778
Side-To-Side Adductor Stretch;2318
HM Left Leg Swing;1077
UNS Foam Roll Adductor;2769
Side-lying leg adduction scissor;2319
Seated Biceps;2228
TBS Chin-Up;2647
Pull-up - Gethin Variation;2124
UN Pull-Up Supinated;2758
UN Pull-Up Pronated;2757
UN Pull-Up Neutral;2756
Knee Circles;1746
Peroneals-SMR;2082
Standing Gastrocnemius Calf Stretch;2542
Wall calf stretch;2831
Seated Calf Stretch;2234
Standing Calf Raise;2531
Standing calf raise-;2568
HM Left Calf-Spike Sumo Pulse;1075
Hands-elevated push-up;1165
Single-Arm Push-Up;2331
Wide-grip hands-elevated push-up;2863
Isometric Wipers;1667
Clock push-up;546
Push-Up Wide;2130
Close-Hands Push-Up;552
Tiger-bend push-up;2685
Plyo push-up;2106
Isometric Chest Squeezes;1664
Side-to-side push-up;2322
Typewriter push-up;2738
Judo push-up;1679
Superman Push-Up;2620
Wide push-up;2854
One-Arm Push-Up;2023
Clapping Push-Up;538
Staggered push-up;2518
Reverse-grip hands-elevated push-up;2182
Triple Clap Push-Up;2725
Pushups;2138
Incline Push-Up;1637
Decline Push-Up;601
Close push-up to wide push-up;548
Push-Ups With Feet On An Exercise Ball;2132
Feet-elevated push-up;942
Dumbbell suitcase crunch;745
Medicine ball rotational throw;1893
Hollow-hold ball toss;1203
Sit-up with single-arm overhand throw;2430
Medicine ball partner twist;1890
Medicine ball half moon;1887
Exercise ball roll-out;778
Medicine ball pass;1891
Partner medicine ball sit-up;2055
Medicine ball Russian twist;1884
30 Medicine Ball Slam;140
Medicine ball twist;1897
FYR2 Medicine Ball Complex;899
FYR2 Medicine Ball Fire-Feet Drill;900
FYR2 Medicine Ball Knees-to-Chest;901
FYR2 Medicine Ball Mountain Climber;902
Exercise Ball Pull-In;767
Exercise ball crunch;772
Feet-elevated crunch;939
Swiss Ball Ab Roll-Out;2639
Exercise Ball Cable Crunch - Gethin Variation;765
Exercise ball squat and twist;779
Swiss Ball V-Up With Foot Pass;2640
Exercise ball pike;776
Exercise ball bird dog;770
Exercise ball superman;780
BOSU cross-body crunch;277
Exercise Ball Knee Tuck - Gethin Varation;766
Alternating Exercise Ball Knee Tucks - Gethin Variation;239
AM Ball Crunch;192
30 Bosu Cable Reverse Crunch;75
BOSU knee tuck;278
30 Side Plank On Ball;174
Hanging exercise ball leg raise;1178
Taylor Exercise Ball Stir-The-Pot;2671
FYR2 Air Ball;832
Feet-elevated plank on ball;941
Lateral Band Walk;1772
FYR2 Standing Banded Leg Abduction;931
Iliotibial band SMR;1619
Lateral box jump;1777
Thigh adductor;2683
Thigh abductor;2682
Incline Push-Up Depth Jump;1638
Sphinx push-up;2490
Close-grip hands-elevated push-up;558
Suspended push-up;2634
Push Up to Side Plank;2127
Diamond push-up;619
Side kick-through push-up;2310
Swimming;2638
FYR Push-Up;819
Frog push-up;960
Wide push-up plank hold;2855
Close push-up;547
Push-Up - Gethin Variation;2128
HM Incline Push-Up On Chair;1064
HM Push-Up;1096
HM Push-Plank;1095
AM Chest Dips;199
Push-up;2135
UP Push-up;2803
UN Push-Up;2759
UNS Foam Roll Pecs;2771
UN Hands Elevated Push-Up;2755
Incline dumbbell biceps curl;1650
Banded biceps curl in squat position;316
Banded Hammer Press - Gethin Variation;314
Band standing concentration curl;308
EZ-bar spider curl;758
Barbell Curl;332
Preacher Curl;2118
Reverse-grip barbell curl;2177
Dave Draper Forehead Curl;588
Reverse-grip EZ-bar curl;2176
EZ-Bar Spider Curl - Gethin Variation;755
Barbell curl-;356
Paul Carter Barbell Curl;2064
Standing band biceps curl;2557
Close-Grip EZ-Bar Curl - Gethin Variation;549
Seated Barbell Curl;2225
AM Standing Barbell Curl;218
EZ-bar preacher curl;756
30 Arms Standing Barbell Curl;37
30 Arms Incline Biceps Curl;23
"Bicep Curls ""21s""";429
Hammer Curls;1158
Concentration curl;564
Dumbbell Bicep Curl;643
Dumbbell Alternate Bicep Curl;640
Single-arm dumbbell preacher curl;2361
Alternate Incline Dumbbell Curl;236
Alternating incline dumbbell biceps curl;252
Alternate Hammer Curl;235
Seated dumbbell biceps curl;2268
Dumbbell preacher curl;718
Seated hammer curl;2273
Paul Carter Incline Dumbbell Biceps Curl;2072
Paul Carter Concentration Curl;2068
FYR Dumbbell Curl;797
Dumbbell biceps curl to upright row;694
FYR Dumbbell Hammer Curl;799
Dumbbell overhead hold with single-arm curl;717
FYR Kneeling Biceps;814
Lunge hold dumbbell curl;1817
FYR Dumbbell Biceps Curl;796
Alternating dumbbell snatch;248
TBS Incline Dumbbell Curl;2658
TBS Hammer Curl;2656
Reverse-grip dumbbell curl;2181
Incline Dumbbell Curl - Gethin Variation;1626
Hammer curl;1160
Seated Dumbbell Curl - Gethin Variation;2236
Dumbbell Hammer Curl - Gethin Variation;674
Single-arm seated dumbbell curl;2398
Lying Cable Curl - Gethin Variation;1821
Dumbbell biceps curl;693
Seated Biceps Hammer Curl;2229
HM Alternating Reverse Lunge With Biceps Curl;1000
AM Hammer Curls;207
AM Seated Hammer Curls;214
Seated alternating biceps curl;2261
Alternating hammer curl;249
Alternating biceps curl;246
Holman Slow Biceps Curl;1480
Holman Biceps Curl to Chest Punch;1236
Holman Right Arm Heavy Biceps Curl;1438
Holman Left Arm Heavy Biceps Curl;1375
Holman Alternating Front Lunge Biceps Curl;1218
Holman Weighted Double-Time Biceps Curl;1580
Holman Heavy Right Arm Biceps Curl;1348
Holman Heavy Left Arm Biceps Curl;1346
MetaBurn Dumbbell Drag Curl;1916
MetaBurn Hammer Curl to Overhead Press;1924
MetaBurn Biceps Curl To Lateral Raise;1912
FYR2 Alternating Dumbbell Curl;833
FYR2 Pulse Biceps Curl;907
FYR2 Seesaw Dumbbell Biceps Curl;914
FYR2 Single-Dumbbell Biceps Curl;920
FYR2 Dumbbell Curl-Row Complex;859
30 Arms Standing Dumbbell Hammer Curl 21s;39
30 Arms Standing Biceps Curl;38
30 Arms Standing Alternating Hammer Curl;36
30 Arms Standing Alternating Biceps Curl;35
30 Arms Single-Arm Hammer Preacher Curl;32
30 Arms Single-Arm Dumbbell Preacher Curl;31
30 Arms Seated Dumbbell Concentration Curl;30
30 Arms Seated Biceps Curl;29
30 Arms Seated Alternating Biceps Curl;28
30 Arms Incline Hammer Curl;25
30 Arms Incline Dumbbell Triceps Extension;24
30 Arms Hammer Curl;21
Barbell spider curl;379
Barbell forehead curl;361
Overhead cable curl;2033
Standing Biceps Cable Curl;2524
Cable rope hammer curl;500
Cable EZ-Bar Preacher Curl - Gethin Variation;481
Squatting cable EZ-bar biceps curl;2517
Cable straight-bar biceps curl;507
Standing reverse-grip cable curl;2584
Lying high-cable biceps curl;1848
High-Pulley Cable Curl - Gethin Variation;1194
Standing High Cable Curl - Gethin Variation;2544
High Cable Curls;1189
Seated cable biceps curl;2264
Lying Close-Grip Bar Curl On High Pulley - Gethin Variation;1823
Standing Cable Curl - Gethin Variation;2529
Double Arm Cable Biceps Curl;622
AM Cable Biceps Curl;197
UP Cable Curl With Straight Bar;2789
30 Arms Cable Rope Hammer Curl;8
30 Arms Squatting Cable Straight-Bar Curl;34
30 Arms High Cable Curl;22
30 Arms Cable Straight-Bar Curl;11
30 Arms Cable Concentration Curl;7
30 Arms BFR High Cable Curl;4
BFR cable rope hammer curl;273
Single-arm machine preacher curl;2395
Machine preacher curl;1873
Smith machine drag curl;2463
30 Arms BFR Machine Preacher Curl;5
Holman Seal Drag to Push-Up;1465
Holman Hand-Elevated Push-Up with Hand Row;1330
Holman Push-Up;1424
Holman Slow Hips-Up Chest Press;1482
Holman Jump-Out Push-Up with Hand Hop Back;1366
EZ-Bar Curl;752
Standing EZ-Bar Curl - Gethin Variation;2539
TBS EZ-Bar Curl;2653
Standing EZ-bar curl;2540
30 Arms Standing Overhand EZ-Bar Curl;41
30 Arms EZ-Bar Spider Curl;20
30 Arms EZ-Bar Preacher Curl;18
30 Arms Standing EZ-Bar Curl;40
Peroneals Stretch;2081
Posterior Tibialis Stretch;2110
Smith machine standing calf raise;2475
Standing Dumbbell Calf Raise;2534
Single-leg standing dumbbell calf raise;2426
Dumbbell walking calf raise;748
Weighted donkey calf raise;2848
Agility Ladder;231
Single-leg machine seated calf raise;2425
Smith Machine Calf Raise;2447
Seated Calf Raise;2232
Calf Press On The Leg Press Machine;512
Seated Single-Leg Calf Press - Gethin Variation;2258
Seated Calf Raise - Gethin Variation;2233
Donkey Calf Raise - Gethin Variation;621
Standing Calf Raise Facing Hack Squat Machine - Gethin Variation;2532
Calf Press On A Hack Squat Machine - Gethin Variation;511
Smith Machine Standing Calf Raises - Gethin Variation;2452
Hack squat calf raise;1154
Seated Calf Press - Gethin Variation;2231
Leg press calf raise;1791
Machine seated calf raise;1875
30 Legs Seated Calf Raise;130
30 Legs Standing Calf Raise;137
Holman Froggy Push-Up to Donkey Kick;1327
Holman Push-Up to Sit Back;1426
Holman Sit Back Push-Up;1477
Holman Alternating Staggered Push-Up;1228
Holman Foot-Up Diving Push-Up;1322
Holman Narrow Push-Up;1405
Holman Dynamo Push-Up;1277
Band-suspended kettlebell bench press;313
HM Banded Cross-Over Pull;1011
Rusin Band Pull-Apart;2212
UNS Banded Push-Up;2763
Taylor Band-Assisted One-Arm Push-Up;2670
Incline band bench press;1642
Band push-up;302
Band chest fly;292
Close-grip bench press;556
Barbell Bench Press - Medium Grip;329
Decline barbell bench press;605
Barbell Incline Bench Press Medium-Grip;342
Board bench press;434
Band-suspended kettlebell bench press;313
Paul Carter Incline Bench Press;2071
Incline bench press;1644
Bench press;412
TBS Close-Grip Bench Press;2648
AM Flat Bench Barbell Press;205
UP Bench Press;2786
UP Close-Grip Bench Press;2794
King Maker Barbell Bench Press;1727
King Maker Incline Barbell Bench Press;1736
30 Chest Incline Barbell Bench Press;92
30 Chest Barbell Bench Press;84
30 Chest 30-Degree Incline Dumbbell Press;82
Spoto press;2502
Kettlebell plyo push-up;1715
Band-suspended kettlebell bench press;313
FYR2 Push-Up to Kettlebell Hike Combo;908
Holman Jump to Push-Up;1364
Holman Foot-Elevated Push-Up;1320
Holman Feet-Elevated Push-Up;1307
Total Fitness Plyo Push-Up;2701
Scapular push-up;2219
King Maker Push-up;1740
Warrior push-up;2838
Taylor Roll-Over Push-Up;2676
Taylor One-Arm Push-Up Slow Negative;2675
30 Chest Push-Up To Isometric Hold;102
30 Chest Push-Up;101
30 Chest Bench Push-Up;85
MetaBurn 3-Phase Push-Up;1898
MetaBurn Fast Feet To Push-Up;1921
MetaBurn Judo Push-Up To Pike Push-Up;1927
MetaBurn Pike Push-Up;1930
MetaBurn Push-Up To Frogger;1940
MetaBurn Push-Up With Hand Side-Step;1941
MetaBurn Push-Up With Hand-Up Rotation;1942
MetaBurn Sphinx Push-Up;1956
MetaBurn Spiderman Push-Up;1957
Roberston Push-up to Down Dog;2189
FYR2 Push-Up-Breakdancer-Shoulder-Tap Complex;909
ACFT Hand-release push-up;184
1.5-rep push-up;0
ACFT Triple-clap push-up;190
ACFT Superman push-up;189
Cross-over push-up;580
Wrist Circles;2866
Glute Kickback;975
Standing hip extension;2579
Seated Glute;2242
Lying Glute;1827
Seated Glute Stretch;2243
Neck Bridge Supine;1992
Glute bridge;976
Single-leg glute bridge;2417
Step-up with knee raise;2590
Lying glute stretch;1846
Knee Across The Body;1745
One Knee To Chest;2009
Walking High Knee;2825
Walking Butt Kicks;2823
Walking Glute Stretch;2824
Lunge kick;1818
Curtsy lunge;587
Alternating standing glute stretch;257
Side-lying leg lift;2320
FYR Progressive High Knee;818
Glute-Ham Raise - Gethin Variation;978
Lunge glute stretch;1815
Natural Glute Ham Raise - Gethin Variation;1989
Groiner;987
HM Alternating Donkey Kick;993
HM Alternating Slow Step-Down With Chair;1004
HM Right Side Iron Cross;1107
HM Single-Leg Bridge;1121
HM Hi-Low;1057
HM Kick-Back;1072
HM Left Side Iron Cross;1081
HM Left Side-Kick;1082
HM Leg Lifts;1084
Walking lunge;2827
High Plyometric Box Jump;1191
Barbell hip thrust-;369
UN Glute Bridge;2753
Holman Donkey Kick;1273
Holman Hip Raise with Alternating Kick;1355
Butterfly;474
Smith machine bench press;2457
Machine chest press;1869
Smith Machine Incline Bench Press;2450
Smith Machine Close-Grip Bench Press;2448
Machine chest fly;1868
Machine bench press;1867
Machine Seated Chest Press - Gethin Variation;1861
Smith machine weighted push-up;2479
Smith machine incline bench press-;2466
Smith machine decline bench press;2462
AM Pec Dec;211
30 Chest Machine Flat Chest Press;98
Smith machine push-up;2471
30 Chest Smith Machine Incline Chest Press;105
30 Chest Smith Machine Chest Press;104
30 Chest Machine Incline Chest Press;100
30 Chest Machine Fly;99
30 Chest 30-Degree Incline Smith Machine Press;83
Low-cable cross-over;1811
Incline cable chest fly;1645
Cable Crossover;479
Single-arm cable cross-over;2349
Lying cable chest fly;1840
Paul Carter Cable Cross-Over;2067
One-Arm Cable Crossover - Gethin Variation;2010
Incline Cable Fly - Gethin Variation;1624
Cable Cross-Over - Gethin Variation;478
Seated cable chest fly;2265
Single-arm incline cable cross-over-;2371
High-to-low cable chest fly;1196
UP Cable Cross-Over;2788
UP Cable Fly;2791
30 Chest Low-To-High Cable Fly;97
30 Chest Incline Cable Fly;94
30 Chest Incline Cable Chest Press;93
30 Chest High-To-Low Cable Press;91
30 Chest High-To-Low Cable Fly;90
30 Chest Shoulder-Height Cable Fly;103
Cable Pec Fly;486
Medicine Ball Chest Pass;1883
Medicine ball sprawl to chest press;1896
Medicine ball push-up;1892
Dumbbell Bench Press;642
Dumbbell Flyes;670
Incline dumbbell bench press;1649
Decline Dumbbell Flyes;596
Incline Dumbbell Flyes;1628
Neutral-grip dumbbell bench press;1996
Decline dumbbell bench press;607
Single-arm kettlebell row;2382
Straight-arm dumbbell pull-over;2605
Bent-arm dumbbell pull-over;421
Close-grip dumbbell bench press;557
Single-dumbbell push-up;2406
Dumbbell Fix Dumbbell Floor Chest Fly;653
Dumbbell Fix Traveling Push-Up;667
Incline dumbbell chest fly;1651
Paul Carter Dumbbell Shrug;2070
Dumbbell push-up row;721
TBS Dumbbell Incline Press;2651
Incline Dumbbell Fly - Gethin Variation;1627
Dumbbell bench press-;691
Decline dumbbell fly and press;609
Incline dumbbell fly and press;1652
Single-arm decline dumbbell bench press;2356
Single-arm incline dumbbell bench press;2372
Incline Dumbbell Press - Gethin Variation;1630
Dumbbell Chest Press - Gethin Variation;645
Dumbbell Floor Press - Gethin Variation;669
Decline Dumbbell Press - Gethin Variation;597
Dumbbell chest fly;695
Machine rear delt fly;1874
AM Dumbbell Bench Press;202
UP Incline Dumbbell Press;2800
UP Incline Dumbbell Fly;2799
Holman Push-Up to Belly Touch;1425
Single-arm dumbbell floor press;2359
Total Fitness Weighted Push-Up;2708
King Maker Standing Dumbbell Shoulder Press;1741
30 Chest Incline Dumbbell Fly;96
30 Chest Incline Dumbbell Bench Press;95
30 Chest Dumbbells-Together Press;89
Assisted Single-Arm Pull-Up;268
Assisted Single-Arm Chin-Up;267
30 Chest Dumbbells-Together Incline Bench Press;88
30 Chest Dumbbell Fly;87
30 Chest Dumbbell Bench Press;86
30 Chest 30-Degree Incline Dumbbell Fly;81
FYR2 Single-Dumbbell Push-Up;923
Close-grip EZ-bar bench press;553
Chest dip;532
Weighted Push-Up;2843
Plate-weighted push-up;2105
Double-bar roll-out chest fly;631
Holman Plate Dynamo Push-Up;1413
Holman Towel Drag Two Steps to Push-Up;1548
Taylor Val Slide Push-Up/Fly Combo;2680
Feet-elevated push-up on ball;943
Standing alternating band speed row;2556
Band roundhouse elbow;303
Palms-down wrist curl over bench;2042
Palms-up wrist curl over bench;2044
Seated palms-up wrist curl;2278
Dumbbell suitcase carry;744
Suitcase Dumbbell Carry;2612
Side plank with dumbbell external rotation;2317
Dumbbell farmer's walk;702
Landmine Press and Catch;1767
Plate halo;2100
Bryant Wrist Curl;465
Single-arm cable push-down;2352
HM Monster Walk;1087
UNS Banded Glute Bridge;2762
FYR2 Banded Glute Bridge;842
Piriformis SMR;2086
Barbell glute bridge;366
Barbell Hip Thrust;341
UN Rear Foot Elevated Split Squat;2760
Kettlebell thruster;1721
Taylor Kettlebell Swing;2674
UN Goblet Squat;2754
Single-arm triceps kick-back;2403
Holman Lateral High Knees to Quad Touch Jump;1374
FYR2 Dumbbell Hip Thrust;863
FYR2 Glute Bridge Dumbbell Floor Press;871
Single-leg cable hip extension;2412
Cable rope pull-through deadlift;502
UNS Cable Pull-Through;2765
30 Legs Glute-Ham Raise;123
Holman Left Leg Donkey Kick;1384
Holman Diagonal Right Leg Step-Out to Right Knee-Up;1270
Holman Right Leg Donkey Kick;1448
Holman Butt Tap to Jump;1254
Holman Butt Tap to Jump-Forward-Jump-Back;1255
Holman Traveling High Knees to Squat Thrust;1562
Holman Butt Kicker to High Knees;1253
Holman Daisy Cutter;1262
Holman Frogger;1324
Holman Hip Raise with Chest Press;1356
Total Fitness Bear Crawl;2691
Pigeon stretch;2083
Levitating side kick-through;1801
30 Legs Hip Thrust;124
Dumbbell single-leg hip thrust;734
Natural Glute Ham Raise;1988
Standing leg swing;2581
Inchworm;1622
90/90 Hamstring;181
Knee To Chest;1747
Hip Stretch With Twist;1200
Alternating Leg Swing;244
Single-leg balance and reach;2409
High Kick;1190
Linear Acceleration Wall Drill;1804
Knee Tuck Jump;1748
Leg-Up Hamstring Stretch;1794
Moving Claw Series;1974
Lying groin stretch with band;1847
World's greatest stretch;2865
The Straddle;2681
Prone Manual Hamstring;2121
Hurdle Hops;1614
Linear 3-Part Start Technique;1803
Boss Everline 10-Yard Sprints;445
Standing hamstring stretch;2577
Reverse lunge;2174
HM Alternating Cross Lunge;992
HM Alternating Front Kick;995
HM World's Greatest Stretch;1151
HM Alternating Sprawl Kick-Through;1005
HM Alternating Step-Back;1006
HM Alternating Step-Up With Chair;1007
HM Right Knee-Up;1102
HM Low Lunge With External Twist;1085
HM Ninja Crawl;1090
HM Pigeon Stretch;1091
Single-Leg Deadlift Walk;2333
Medicine ball duck walk;1886
Exercise ball hip thrust;773
Standing Hamstring and Calf Stretch;2543
Barbell Deadlift;334
Power clean;2116
Good Morning;982
Barbell stiff-legged deadlift;383
Romanian Deadlift;2200
30 Legs Sumo Deadlift;138
Kettlebell pass-through lunge;1713
Kettlebell One-Legged Deadlift;1701
Single-leg kettlebell deadlift;2419
Single-arm kettlebell swing;2385
Stiff-Legged Dumbbell Deadlift;2595
Dumbbell Fix Dumbbell Swing;663
Dumbbell Lying Hamstring Curl;677
30 Legs Dumbbell Stiff-Legged Deadlift;121
Box Jump (Multiple Response);457
Seated Band Hamstring Curl;2224
Lying cable leg curl;1843
Standing cable leg curl;2564
Glute Ham Raise;974
Seated Leg Curl;2249
Lying Leg Curl - Gethin Variation;1831
Paul Carter Leg Extension;2074
Lying leg curl;1849
Seated Hamstring Curl - Gethin Variation;2245
Single-leg lying leg curl;2424
Leg curl;1789
Leg Extension - Gethin Variation;1783
Single-leg leg extension-;2421
Lying Hamstring Curls - Gethin Variation;1829
AM Seated Hamstring Curl;215
UP Hamstring Curl;2798
30 Legs Leg Extension;125
30 Legs Seated Leg Curl;131
Total Fitness Hamstring Slide;2698
30 Legs Walking Lunge;139
Pull-up;2123
Wide-Grip Rear Pull-Up;2860
Pullups;2125
Muscle Up;1983
Rope climb;2207
Side To Side Chins;2308
Neutral-grip pull-up;1998
Kipping Muscle Up;1744
One Arm Against Wall;2002
One Handed Hang;2008
Standing side bend stretch;2585
Burpee to pull-up;471
Negative pull-up;1995
Chin-Up;535
HM Superman Lat Pull;1139
AM Pull-Up;212
UP Chin-Up;2793
Holman Alternating Forward and Side Punch;1217
Jump to pull-up;1685
Bent-over scapular slide;427
Iron cross stretch;1663
Total Fitness Standing Lat Stretch;2706
King Maker Pull-Up;1739
Hyperextensions With No Hyperextension Bench;1617
Exercise ball leg curl;775
Ball Hamstring Hat Trick;286
Band-assisted pull-up;312
UN Band Assisted Pull-up Pronated;2740
UN Band Assisted Pull-up Neutral;2739
UN Band Assisted Pull-up Supinated;2741
FYR2 Monster Band Face-Pull Hold;903
Single-arm band low row;2342
Latissimus dorsi SMR;1782
Bent-arm barbell pull-over;420
Single-arm barbell bent-over row;2344
Reverse Barbell Row;2162
Side kick-through to kettlebell high pull;2311
FYR2 Alternating Kettlebell Snatch;834
FYR2 Alternating Kettlebell Swing;836
FYR2 American Kettlebell Swing;837
FYR2 Double-Kettlebell Standing Clean;852
FYR2 Kettlebell Swing High Pull;891
FYR2 Kettlebell Swing-Clean-Press Combo;892
FYR2 Kettlebell Swing-Clean-Press-Row Combo;893
FYR2 Single-Arm Kettlebell Clean;917
FYR2 Single-Arm Kettlebell Swing;919
PJR pull-over-;2036
Dumbbell seal row;728
Incline Dumbbell Row - Gethin Variation;1631
FYR Bent-Over Dumbbell Row;792
Straight-Arm Dumbbell Pull-Over - Gethin Variation;2599
Bent-Over Dumbbell Row - Gethin Variation;418
Bent-over dumbbell rear delt fly;424
Band Resisted Dumbbell Row;290
Holman Right Arm Weighted Half Jack;1441
Holman Left Arm Weighted Half Jack;1378
Holman Renegade Row;1431
Holman Renegade Row with Opposite Foot Step-Out;1435
Holman Renegade Row to Weighted Burpee;1434
Holman Weighted Double-Arm Cross Punch;1579
Holman Standing Flat Back Row;1512
Total Fitness Dumbbell Isometric Row Hold;2695
Dumbbell renegade row;724
MetaBurn Bent-Over Row to Rear-Delt Raise;1911
FYR2 Bent-Over Reverse Fly;845
Weighted pull-up;2849
Back Flyes - Gethin Variation;280
Incline straight-arm pull-over;1658
Machine high row;1871
AM T-Bar Row;219
Holman Renegade Punch-Under;1430
Holman Renegade Row to Split Jump;1433
Holman Dirty Dog to Renegade Row;1272
Holman Renegade Row to Side Punch to Forward Punch;1432
Standing dumbbell knee crunch;2571
Close-grip pull-down;559
Shotgun row;2287
Close-Grip Front Lat Pulldown;551
Straight-arm rope pull-down;2609
Lat pull-down;1771
Straight-Arm Pulldown;2601
Kneeling lat pull-down;1761
Behind-the-neck pull-down;400
Straight-arm cable pull-over;2604
Cable Straight-Arm Pulldown - Gethin Variation;492
Rope Lat Pull-down - Gethin Variation;2206
Straight-Arm Pull-Down - Gethin Variation;2600
High-cable standing row;1195
Lat Pull-down - Gethin Variation;1770
Wide-Grip Lat Pull-Down - Gethin Variation;2858
Behind-The-Neck Pull-Down - Gethin Variation;397
Single-Arm Cable Row - Gethin Variation;2327
Scapular Rows;2218
Standing V-Grip Cable Rows;2555
AM Close-Grip Pull-Down;200
AM Wide-Grip Pull-Down;221
UP Lat Pull-Down;2801
Reverse-grip lat pull-down;2184
Single-arm pull-down;2397
Chest-Supported Smith Machine Row - Gethin Variation;533
Single-arm machine high row;2394
Machine Pull-Over - Gethin Variation;1860
Seated Machine Row - Gethin Variation;2251
Wide-Grip Machine Row;2859
King Maker Lat Pull-Down;1737
Robertson Half-Kneeling Landmine Press;2191
Partner Superman with alternating high-five;2049
Back extension;282
Superman;2619
Hug A Ball;1612
Child's pose;534
Pelvic Tilt Into Bridge;2079
Hug Knees To Chest;1613
Pyramid;2139
Yoga plex;2871
TBS Back Extension;2643
Lower Back Stretch - Yates Variation;1813
Hyperextension - Gethin Variation;1616
Back Extension - Gethin Variation;279
HM Banana Stretch;1010
HM T-Spine Stretch on Wall;1141
HM Child's Pose;1028
HM Cobra;1029
HM Cobra With Arm Retraction;1030
HM Dive-Bomber;1037
HM Downward-Facing Dog Pose;1041
HM Downward Dog To Left Leg Extension To Warrior Pose;1039
Medicine ball slam;1895
FYR2 Bent-Over Medicine Ball Slam;844
Band good morning-;296
FYR2 Monster Banded Good Morning;904
Band deadlift;293
Lower back SMR;1814
Rack pull;2151
Paul Carter Romanian Deadlift;2077
TBS Good Morning;2654
TBS Romanian Deadlift;2662
Barbell deadlift-;358
Deadlift - Gethin Variation;590
Barbell good morning;367
UP Conventional Deadlift;2795
30 Day Back Barbell Rack Pull;106
FYR Sumo Deadlift High Pull;828
Kettlebell deadlift;1710
HM Kettlebell Swing;1069
KV Romanian Deadlift with Kettlebell;1694
FYR2 Kettlebell Good Morning;880
FYR2 Kettlebell Romanian Deadlift;886
FYR2 Kettlebell Staggered-Stance Deadlift;888
Dumbbell Fix Dumbbell Deadlift;652
Dumbbell skier;735
TBS Dumbbell Romanian Deadlift;2652
Stiff-Legged Dumbbell Deadlift - Gethin Variation;2596
UNS Dumbbell Romanian Deadlift;2767
Holman Slow Deadlift;1481
Holman Deadlift to Overhead Press;1267
Holman Staggered-Stance Deadlift;1507
Holman Deadlift to Front Raise;1266
Holman Deadlift to Chest Press;1265
Holman Deadlift to Squat Thrust;1268
Holman Deadlift to Biceps Curl;1264
Dumbbell kickstand deadlift;713
Single-leg stiff-legged deadlift to row;2427
FYR2 Dumbbell Deadlift;860
FYR2 Dumbbell Deadlift to Dumbbell Upright Row;861
Atlas Stones;270
Rack Pull - Gethin Variation;2149
Hex Bar Deadlift - Gethin Variation;1187
Holman Deadlift;1263
ACFT Low-handle trap bar deadlift;186
Neutral-grip lat pull-down;1997
Seated cable deadlift;2266
Cable stiff-legged deadlift;506
Single-leg cable stiff-legged deadlift;2413
UNS Banded Dumbbell Romanian Deadlift;2761
HM Downward Dog To Right Leg Extension To Warrior Pose;1040
HM Spine Twist;1131
HM Good Morning;1054
HM Rag Doll;1097
HM Upward-Facing Dog Pose;1147
Superman-;2621
Weighted back extension;2846
MetaBurn Alternating Superman;1908
MetaBurn Swimmer;1961
Mixed Grip Chin;1971
Rhomboids SMR;2185
Spinal Stretch;2496
Upper Back Stretch;2811
Middle Back Stretch;1969
TBS Pull-Up;2661
HM Angel Stretch;1008
UNS Foam Roll Upper Back;2773
30 Back Neutral-Grip Pull-Down;56
30 Back Pull-Up;58
30 Back Reverse-Grip Pull-Up;61
Isometric Neck Exercise - Sides;1666
Isometric Neck Exercise - Front And Back;1665
Neck Bridge Prone;1991
Side Neck Stretch;2306
Neck-SMR;1994
Alien Squat;232
Rocket Jump;2195
All Fours Quad Stretch;233
Rear Leg Raises;2154
Exercise ball rear delt fly;777
Power snatch-;2117
Lying rear delt Y;1853
Partner side plank band row;2059
Band-assisted chin-up;311
Narrow-stance squat;1987
30 Back Band-Assisted Pull-Up;45
30 Back Reverse-Grip Band-Assisted Pull-Up;59
Band bent-over row;291
Heavy band bent-over row;1186
Reverse-grip bent-over row;2179
Barbell forward lunge;362
One-Arm Long Bar Row;2021
Bent Over Barbell Row;414
Pendlay Row;2080
Barbell seal row;375
Barbell hack squat;368
TBS T-Bar Row;2665
TBS Deficit Deadlift;2649
Bent-Over Barbell Row - Gethin Variation;417
Barbell bent-over row;355
UN Barbell Rack Pull;2745
UN Barbell Scrape The Rack;2746
Barbell deadlift bent-over row complex;357
30 Back Barbell Deadlift;46
30 Back Bent-Over Barbell Row;47
30 Back T-Bar Row;69
30 Back Underhand Bent-Over Barbell Row;70
Single-arm side deadlift;2399
Kettlebell alternating renegade row;1707
Alternating Kettlebell Row;243
Kettlebell bent-over row to clean;1708
UP Deficit Kettlebell Stiff-Legged Deadlift;2796
FYR2 Dagger-Grip Double-Kettlebell Gorilla Row;846
FYR2 Double-Kettlebell Swing Clean;853
Single-arm kettlebell row-;2383
FYR2 Ascending-Rep Swing-Squat Complex;839
One-Arm Dumbbell Row;2013
Incline dumbbell row;1656
Man-maker;1880
Dumbbell bent-over row;692
Dumbbell pull-over to skullcrusher;720
Dumbbell Fix Single-Arm Dumbbell Row;665
Dumbbell Fix Bent-Over Dumbbell Row;650
Dumbbell Seal Row - Gethin Variation;682
Decline dumbbell chest fly;608
TBS Bent-Over Dumbbell Row;2646
HM Alternating Bent-Over Quick Row;991
HM Bent-Over Dumbbell Row;1015
AM Single Arm Row;216
Dumbbell stiff-legged deadlift;742
Single-arm bench dumbbell row;2346
UN Bent-Over Dumbbell Row;2747
UN Dumbbell RDL;2750
UN Chest Supported Row;2749
MetaBurn Bent-Over Renegade Row;1910
30 Back Bent-Over Dumbbell Row;48
30 Back Dumbbell Pull-Over;50
30 Back Incline Dumbbell Row;51
30 Back Single-Arm Dumbbell Row;62
30 Back Single-Arm Dumbbell Swing Row;63
T-Bar Row with Handle;2642
T-Bar Row;2641
Alternating sit-through with crunch;255
Seated Cable Rows;2230
Upside-down pull-up;2814
Smith machine inverted row;2467
Lying T-Bar Row;1837
Suspended row;2635
Paul Carter T-Bar Row;2078
Single-Arm Bent-Over Rear Delt Raise - Gethin Variation;2325
30 Back Plate Hyperextension;57
Seated Cable Rows;2230
Single-arm cable seated row;2353
Paul Carter Lat Pull-Down;2073
Single-arm kettlebell overhead squat;2380
TBS Lat Pull-Down;2660
One-Arm Cable Read Delt Fly - Gethin Variation;2011
UP Seated Cable Row;2806
UP Cable Straight-Arm Pull-Down;2792
UN Cable Pull-Through;2748
30 Back Close-Grip Seated Cable Row;49
30 Back Incline Face-Up Cable Pull-Down;52
30 Back Kneeling High Cable Pull-Down;53
30 Back Leaning V-Bar Pull-Down;54
30 Back Reverse-Grip Pull-Down;60
30 Back Standing Low Cable Bar Row;65
30 Back Standing Low Cable Rope Row;66
30 Back Straight-Arm Bar Pull-Down;67
30 Back Straight-Arm Rope Pull-Down;68
30 Back Wide-Grip Behind-The-Head Pull-Down;71
30 Back Wide-Grip Pull-Down;72
30 back Wide-Grip Seated Cable Row;177
Rower;2210
Seated Cable Rows;2230
Smith machine bent-over row;2459
Machine Low Row;1858
Standing lat pull-down;2580
30 Back Machine Seated Row;55
30 Back Smith Machine Push-Up;64
Slide Jump Shot;2443
Star Jump;2588
Lying Prone Quadriceps;1835
Fast Kick With Arm Circles;935
Defensive Slide;617
Vertical Mountain Climber;2819
Reverse Burpee;2163
Football Up-Down;954
Slow Jog;2444
Square Hop;2506
Jumping rope;1689
ACFT Medicine ball overhead power throw;187
Band seated row;304
Barbell shrug;376
Barbell behind-the-back shrug;354
Single-arm inverted row;2376
Kettlebell sumo deadlift high pull;1718
Standing dumbbell shrug;2574
Standing dumbbell upright row;2575
Dumbbell pull-over;719
Standing Dumbbell Shrug - Gethin Variation;2537
Single-arm dumbbell row;2363
Cable straight-bar upright row;509
Cable shrug;505
Smith machine shrug;2473
Leverage Shrug;1800
Smith machine behind-the-back shrug;2455
Smith machine upright row;2478
Machine low row-;1872
Machine Shrug - Gethin Variation;1863
Smith machine single-arm shrug;2474
Forward lunge;957
Side-to-side box skip;2321
Single-leg depth squat;2415
Boss Everline Resistance-Band Pull Sprint;449
Banded jump squat;321
Speed Box Squat;2488
HM Banded Squat Toe Tap;1012
UP Band Abducted Squat;2784
FYR2 Lateral Band Walk;894
FYR2 Banded Squat Hold-Pulse-Jump Complex;843
Band split squat;307
Band front squat;295
Squat hold with band pull-apart;2512
Banded squat toe tap;323
Band overhead squat;299
Quadriceps SMR;2140
Barbell Full Squat;338
Barbell back squat to box;352
Push-press;2134
Barbell walking lunge;386
Barbell Squat;347
Barbell front squat;364
Smith machine box squat;2460
Barbell step-up;382
Barbell Bulgarian split squat;331
Hack Squat;1152
Barbell thruster;384
Push-jerk;2133
Barbell back squat;351
Zercher squat;2873
Barbell side split squat;377
Barbell speed squat;378
Barbell Squat To A Bench;349
Barbell reverse lunge;373
Close-stance dumbbell front squat;560
Barbell front squat to back squat;365
Barbell Front-To-Back Squat;337
Front Squat (Bodybuilder);965
Barbell step-down reverse lunge;381
Paul Carter Back Squat;2063
Paul Carter Barbell Split Squat;2066
TBS High-Bar Back Squat;2657
TBS Barbell Front Squat;2644
Squat - Gethin Variation;2507
Front-To-Back Barbell Squat;969
Barbell Lunge - Gethin Variation;343
Rack Deadlift - Gethin Variation;2147
Barbell Squat - Gethin Variation;348
Barbell Good Morning - Gethin Variation;339
AM Barbell Squat;195
Plyometric Power Clean;2107
Banded Split Jerk;315
UP Squat;2809
UN Barbell Back Squat;2742
UN Barbell Box Squat;2743
UN Barbell Front Squat;2744
KV Bulgarian Split Squat;1691
King Maker Barbell Back Squat;1726
King Maker Barbell Deadlift;1728
30 Legs Barbell Back Squat;117
30 Legs Barbell Front Squat;118
Barbell Back Squats;328
Goblet Squat;979
Kettlebell side squat;1717
Kettlebell sumo squat;1719
Kettlebell thruster progression;1722
Kettlebell power clean;1716
Kettlebell fire feet;1711
Single Arm Overhead Kettlebell Squat;2323
Pulsing goblet squat;2126
Double-kettlebell alternating lunge to clean;632
FYR Goblet Squat;806
FYR Kettlebell Sumo Squat;813
Double-kettlebell front squat;633
FYR Kettlebell Squat Clean;812
Single-arm kettlebell front squat;2379
Kettlebell front rack lunge;1712
HM Turkish Get-Up;1146
HM Single-Leg Romanian Deadlift;1124
Taylor Single-Arm Kettlebell Front Squat;2677
Taylor Kettlebell Goblet Squat;2673
Goblet squat-;981
Holman Kettlebell Squat Clean;1367
Holman Kettlebell Swing;1368
Holman Kettlebell Swing Transfer;1369
Dumbbell goblet squat-;708
Robertson Kettlebell Jump;2192
FYR2 Alternating Kettlebell Squat Clean;835
FYR2 Banded Double-Kettlebell Squat Pulse;840
FYR2 Double-Kettlebell Ballin' Lunge;848
FYR2 Double-Kettlebell Front Rack Lunge;849
FYR2 Double-Kettlebell Front Squat;850
FYR2 Explosive Kettlebell Jump Squat;867
FYR2 Kettlebell Goblet Squat;878
FYR2 Kettlebell Reverse Lunge Switch Grip;884
FYR2 Kettlebell Reverse Lunge to Kneeling Press;885
FYR2 Kettlebell Sumo Squat Pulse;889
FYR2 Reverse Lunge to Single-Leg Kettlebell Deadlift;913
FYR2 Kettlebell Goblet-Squat-Deadlift Complex;879
FYR2 Kettlebell Squat-Press-Deadlift Complex;887
Goblet Squats;980
Dumbbell Goblet Squat;672
Dumbbell squat;739
Dumbbell Lunges;676
Dumbbell reverse lunge;725
Split Squat with Dumbbells;2501
Dumbbell sumo squat;746
Dumbbell seated box jump;729
Dumbbell step-up;741
Dumbbell Walking Lunge;690
Dumbbell thruster;747
Dumbbell front squat;707
Dumbbell lateral hop;714
Dumbbell lunge with biceps curl;716
Dumbbell jump squat;711
Boss Everline Dumbbell Lunge Jump;447
Dumbbell Fix Dumbbell Split Squat;661
Single-leg dumbbell Romanian deadlift;2416
Dumbbell Fix Dumbbell Alternating Reverse Lunge;651
Dumbbell Fix Turkish Get-Up;668
Seesaw lunge;2284
FYR Dumbbell Front Squat;798
Dumbbell split squat;738
Dumbbell deadlift;700
Single-arm stiff-legged deadlift;2402
HM Dumbbell Overhead Squat;1043
HM Dumbbell Squat;1045
UNS Dumbbell Goblet Squat;2766
Single-Arm Dumbbell Snatch;2329
KV Dumbbell Lunges;1693
Holman Squat to Biceps Curl;1504
Holman Burpee to Biceps Curl;1244
Holman Slow Weighted Reverse Lunge;1487
Holman Slow Weighted Plie Squat;1486
Holman Weighted Lunge Jump with Biceps Curl;1590
Holman Left Reverse Lunge Chest Press to Left Knee-Up Chest Press;1391
Holman Weighted Lunge Jump with Chest Press;1591
Holman Weighted Half Jack to Biceps Curl;1581
Holman Weighted Half Jack to Chest Press;1582
Holman 180 Jump to Renegade Side Raise;1208
Holman Right Reverse Lunge Biceps Curl to Right Knee-Up Biceps Curl;1455
Holman Roll-Back to Squat Thrust to Renegade Row;1463
Holman Roll-Back to Squat Thrust to Renegade Triceps Press;1464
Holman Weighted Narrow Squat Jump;1592
Holman Diagonal Deadlift;1269
Holman Weighted Burpee to Triceps Press;1577
Holman Squat Thrust Overhead Press;1499
Holman Weighted Burpee to Chest Press;1570
Holman Squat to Right-Arm Overhead Press;1506
Holman Right Lunge Jump with Right Overhead Press;1452
Holman Left Lunge Jump with Left Overhead Press;1388
Holman Heavy Hip Drive;1345
Holman Squat to Left-Arm Overhead Press;1505
Holman Weighted Lunge Jump to Floor Lunge Jump;1589
Holman Alternating Weighted Lunge Jump to Chest Press;1231
Holman Weighted Burpee to Overhead Alternating Reverse Lunge;1572
Holman Weighted 180 Jump to Chest Press;1566
Holman Alternating Side Squat Overhead Press;1224
Holman Right Lunge with Right Biceps Curl;1453
Holman Left Lunge with Left Biceps Curl;1389
Holman Squat Thrust to Alternating Front Raise;1500
Dumbbell racked reverse lunge;723
Total Fitness Dumbbell Reverse Lunge;2696
Single-arm dumbbell snatch-;2365
Total Fitness Dumbbell Step-Up;2697
Hack Squat - Gethin Variation;1153
Single-arm dumbbell front squat;2360
King Maker Weighted Jump Squat;1742
3D dumbbell lunge;178
MetaBurn Dumbbell Burpee;1915
Dumbbell jump squat with rotation;712
MetaBurn Dumbbell Wide Squat to Rack;1920
MetaBurn Reverse Lunge To High Pull;1943
MetaBurn Reverse Lunge With Overhead Raise;1944
MetaBurn Squat to Triceps Extension;1959
30 Legs Dumbbell Goblet Squat;119
30 Legs Dumbbell Squat;120
Dumbbell step-down reverse lunge;740
Tire flip;2687
Bear crawl sled drag;394
Bicycling;432
Hex-bar deadlift;1188
Weighted sissy squat;2850
Dumbbell step-up;741
Bench skip;413
Sled Push;2438
Barbell squat with plate slide;380
Suspended split squat;2636
Sled Drag - Harness;2435
Burpee over barbell;469
Dumbbell walking lunge-;749
Single-cone sprint drill;2404
Burpee Box-Jumps;467
Scissors Jump;2221
Single-leg knee-tap squat;2420
Plate push;2103
Hybrid deadlift;1615
Boss Everline Suspension Side Run;450
Boss Everline Lunge Sled Push;448
Squat Bottom Position Hold;2508
TRX Squat Jump;2667
Landmine squat;1768
Dumbbell Bulgarian split squat;644
Holman Towel Alternating Prisoner Reverse Lunge;1542
Holman Weighted Burpee to Belly Touch;1568
Holman Weighted Burpee to Front Punch;1571
Holman Weighted Low Squat Punch;1588
Holman Weighted Hook Punch to Squat Thrust;1584
Holman Towel Alternating Side Lunge Squat;1544
Holman Weighted Burpee to Renegade Side Punch;1574
Holman Weighted Reverse Lunge to Knee-Up Overhead Press;1597
Holman Lunge Jump with Overhead Press;1403
Holman Weighted Burpee to Belly Touch to Standing T;1569
Holman Weighted Squat Jump;1601
Holman Weighted Plie Squat;1596
Holman Heels-Elevated Sissy Squat;1352
Holman Squat Jump to Overhead Press;1493
Holman 180 Jump to Overhead Press;1207
Holman Weighted Burpee to Row;1575
Holman Weighted Burpee to 180 Jump;1567
Holman Weighted 180 Jump;1565
Holman Weighted Narrow-Mid-Wide Hop;1593
Holman Alternating Weighted Diagonal Burpee;1230
Holman Towel Burpee to Push-Up;1546
Holman Towel Right Side Squat;1556
ACFT Sprint-drag-carry;188
KV Cable Squat;1692
Single-Leg Press;2336
Stair climber;2520
Leg Press;1786
Elliptical trainer;764
Narrow-stance leg press;1986
Stairmaster;2521
Machine Squat;1864
Smith machine back squat;2454
Leg Extensions;1784
Treadmill running;2716
Stationary bike;2589
Treadmill jogging;2715
Smith machine leg press;2468
Lying Machine Squat;1834
Seated Leg Press;2250
Smith machine pistol squat;2470
Leg press-;1792
TBS Hack Squat;2655
Leg Extensions - Gethin Variation;1785
Seated leg press-;2275
Smith machine front squat;2465
Machine Deadlift - Gethin Variation;1856
Single-leg hack squat;2418
Narrow-stance hack squat;1985
Alternating Single-Leg Curl - Gethin Variation;245
Stiff-Legged Deadlift - Gethin Variation;2594
Single-Leg Press - Gethin Variation;2337
Hack squat-;1155
Smith machine lunge squat;2469
Leg Press - Gethin Variation;1787
AM Leg Press;210
Single-Leg Squat With Knee Tap;2338
Leg extension;1790
Squat Isometric Hold;2509
UP Quad Extension;2804
UP Single-Leg Press;2808
UP Leg Press;2802
Pop Squat On Leg Press;2108
King Maker Leg Press;1738
Single-leg leg press;2422
King Maker Hack Squat;1735
30 Legs Feet-High Leg Press;122
30 Legs Leg Press;126
30 Legs Leg Press Calf Raise;127
30 Legs Lying Leg Curl;128
30 Legs Machine Hack Squat;129
30 Legs Single-Leg Leg Extension;132
30 Legs Single-Leg Leg Press;133
30 Legs Single-Leg Lying Leg Curl;134
30 Legs Smith Machine Split Squat;135
30 Legs Smith Machine Squat;136
Bodyweight squat;442
Broad jump;464
Burpee;466
Trail Running/Walking;2711
Jumping jack-;1687
Arms-crossed jump squat;262
Bodyweight Reverse Lunge;437
Treadmill walking;2717
Depth jump box jump;618
Bodyweight Walking Lunge;440
Walking High Knees;2826
Lateral lunge;1780
Jump Squat;1682
Over bench jump;2027
Split Jump;2499
90-degree jump squat;180
Skip;2433
Kneeling hip flexor stretch;1760
Iron Crosses (stretch);1662
Lying quad stretch with band;1852
One Half Locust;2007
Standing Hip Flexors;2546
Looking At Ceiling;1808
On Your Side Quad Stretch;2000
On-Your-Back Quad Stretch;2001
Standing Elevated Quad Stretch;2541
Thigh killa;2684
Southpaw sprawl;2486
Stride Jump Crossover;2610
Side Standing Long Jump;2307
Wall squat;2836
Sprawl frog kick;2504
Lateral Speed Step;1774
Side Hop-Sprint;2300
Pop squat;2109
Side Lunge Touching Heel;2304
Single-leg box squat;2410
Quick Leap;2141
Jump lunge heel kick;1683
Burpee box jump;468
Linear Depth Jump;1805
High knees;1192
Jumping Jack;1686
Running lunge;2211
In-out jump squat;1620
Gorilla squat;986
Burpee tuck jump;472
Speed skater;2489
Jumping knee up-down;1688
Jump Lunge To Feet Jack;1681
Reverse Lunge Rotation;2169
Alternating standing knee-pull stretch;258
Seal jack;2222
Kneeling quad thoracic stretch;1762
Shuttle run;2297
Wall sit;2834
Walking lunge with hip extension;2828
Squat with alternating side leg raise;2515
Lateral Squats;1775
Walking lunge with twist;2829
Boss Everline Backward Lunge Walk;446
Reverse Diagonal Skaters;2165
FYR Air Squat;786
FYR Tuck Jump;830
Push-up sprawl tuck jump;2136
FYR Running Lunge;822
FYR Jumping Lunge;810
FYR Sprawl Frog Kick;826
Jump squat-;1684
FYR Sprinter Burpee;827
Single-leg burpee;2411
FYR Gorilla Squat;807
Banded compass jump squat;317
In-out sprawl;1621
Knee-tuck kick-up;1752
Bear crawl donkey kick;389
Southpaw sprawl with push-up;2487
Bouncing lunge;456
Bodyweight Squat - Gethin Variation;438
FYR Alternating Lunge;787
Bodyweight Walking Lunge - Gethin Variation;441
Seated Quad Contraction;2255
HM Squat with Alternating Leg Extension;1134
HM Air Squat;990
HM Alternating Jump Lunge;996
HM Alternating Lunge-In-Place;999
HM Alternating Side Lunge;1001
HM Sumo Pulse;1137
HM Sumo Squat;1138
HM Alternating Side-Kick;1003
HM Tuck-Up Burpee;1144
HM Bear Crawl;1013
HM Bear Stance Fire Hydrant;1014
HM Walking Frankenstein;1148
HM Walking Hip Stretch;1149
HM Wide Jump Squat;1150
HM Boxer Shuffle;1021
HM Running Lunge;1110
HM Bulgarian Split Squat On Chair;1023
HM Burpee;1024
HM Butterfly;1026
HM Alternating Lunge Push-Up;997
HM Comet;1031
HM Couch Stretch;1032
HM Down Up;1038
HM Duck Walk;1042
HM Fragon;1050
HM Frankenstein;1051
HM Single-Leg Squat on Chair;1125
HM Single-Leg Touchdown;1126
HM Speed Skater;1130
HM Squat Jump;1132
HM Squat Lunge;1133
HM Garland Pose;1053
HM High Knees;1058
HM In-And-Out Squat;1061
HM In-And-Out Squat Jump;1062
HM Jumping Jack;1066
HM Jumping Knee-Up;1067
HM Jumping Rope;1068
HM Right Calf-Spike Sumo Pulse;1101
HM Reverse Lunge with Kick;1100
HM Left Knee-Up;1076
HM Left-Leg Lunge And Kick-Out;1083
HM Mountain Pose;1089
HM Butt Kickers;1025
HM Right-Leg Lunge And Kick-Out;1109
HM Sumo Get-Up;1136
AM Jump Squat;208
AM Bodyweight Squat;196
High knees sprawl drill;1193
UP Bulgarian Split Squat;2787
UN Forward Lunge;2751
UN Front Foot Elevated Split Squat;2752
UNS Half-Kneeling Hip Flexor Stretch;2775
UNS Low Depth Jump;2779
UNS Forward-To-Reverse Lunge;2774
Holman Towel Squat Thrust;1557
Holman Towel Alternating Prisoner Squat;1543
Holman Towel Alternating Lateral Lunge;1541
Holman Squat Pull-Through Jump;1494
Holman 180 Jump;1204
Holman Foot-Elevated Knee-Up to Squat;1319
Holman Feet-Elevated Squat Thrust;1310
Holman Hands-Elevated Lunge Jump;1338
Holman Hands-Elevated Jack to Split Jump;1337
Holman Hands-Elevated Wide Squat Thrust;1342
Holman Hands-Elevated Squat Thrust to Split Jack;1340
Holman Squat Jump;1490
Holman Squat Pulse;1495
Holman Jump-Out Push-Up;1365
Holman Alternating Forward Lunge;1216
Holman Burpee to Jump;1249
Holman Pilates Single-Leg Stretch;1411
Holman Alternating Reverse Prisoner Lunge;1222
Holman Narrow-Wide Squat Jump to 180 Jump;1406
Holman 180 Jump to Lunge;1206
Holman Imaginary Jump Rope;1362
Holman Fast Feet with Hands Up;1295
Holman Hands-Elevated Alternating Lunge Jump;1334
Holman Right Split Lunge;1460
Holman Left Split Lunge;1396
Holman Plyometric Jump;1421
Holman Quad Touch Jump;1427
Holman Skate;1478
Holman Lunge Jump;1401
Holman Flying Squat Thrust;1316
Holman 90-Degree Jump;1209
Holman Half Jack to 180 Jump;1329
Holman Quick Feet to Quad Touch Jump;1428
Holman Squat Thrust to Push-Up to Super Woman;1503
Holman Plyometric Jump to 180 Jump;1422
Holman Standing Heel Click to Hands Down Heel Click;1514
Holman Burpee to 180 Jump;1243
Holman Traveling Low Jack to Belly Touch;1563
Holman Flying Squat Thrust to Shoulder Tap;1318
Holman Squat Jump to Alternating Side Lunge Jump;1491
Holman Low Squat with Low Diagonal Dumbbell Punch;1399
Holman Right Leg Hop to Right Reverse Lunge;1450
Holman Left Leg Hop to Left Reverse Lunge;1386
Holman Burpee to Open Stance;1250
Holman Diagonal Squat Thrust to Renegade Forward Punch;1271
Holman Bear Crawl;1232
Holman Bear Crawl to Donkey Kick;1233
Holman Bear Crawl to Froggy Push-Up;1234
Holman Bear Crawl to Shoulder Tap;1235
Holman Burpee to Tuck Jump;1251
Holman Burpee to Flying Squat Thrust to Tuck Jump;1247
Holman Forward Lunge to Reverse Lunge;1323
Holman Renegade Lunge Jump;1429
Holman Squat Jump to Lunge Jump;1492
Holman Prisoner Reverse Lunge;1423
Holman Wide-to-Narrow Squat Jump;1610
Holman Donkey Run;1274
Holman Weighted Wide-to-Narrow Squat Jump;1605
Holman Wide-to-Narrow Donkey Kick;1609
Holman Mule Kick;1404
Holman Goal Post to Squat;1328
Holman Frogger Squat to Heel Click;1325
Holman Stair Sprint;1510
Holman Stair Bear Crawl;1508
Holman Burpee to Flying Squat Thrust;1246
Holman Flying Squat Thrust to Push-Up;1317
Holman Foot-Elevated Step-To-Lunge;1321
Holman Split Lunge;1488
Holman Stair Climb;1509
Holman Burpee to Flying Jack;1245
Holman Right Reverse Lunge;1454
Holman Left Reverse Lunge;1390
Holman Squat Tap to Hop;1497
Holman Squat Tap to Jump-Forward-Jump-Back;1498
Holman Squat Hip Drive;1489
Holman Alternating Double Lunge Hop;1215
Holman Right Reverse Lunge to Front Kick;1456
Holman Right Leg Forward Lunge Hop;1449
Holman Right Squat Thrust;1462
Holman Left Reverse Lunge to Front Kick;1392
Holman Left Leg Forward Lunge Hop;1385
Holman Left Side Diagonal Burpee;1393
Holman Left Squat Thrust;1398
Holman Wide Squat Thrust;1608
Holman Alternating Single-Leg Hop to Squat to 180 Jump;1225
Holman Right Lunge Hop to Chest Press;1451
Holman Left Lunge Hop to Overhead Press;1387
Holman 180 Jump Hop Forward Hop Back;1205
Holman Right Split Squat;1461
Holman Left Split Squat;1397
Holman Double Squat Pulse to 180 Jump;1275
Holman Towel Left Side Squat;1552
Holman Alternating Lunge Jump;1221
Holman Lunge Jump to Squat Jump;1402
Holman Burpee with Belly Touch;1252
Bootstrapper squat;444
Total Fitness Broad Jump;2692
Total Fitness Lateral Lunge;2700
Lateral shuffle;1781
Total Fitness Skip;2703
Total Fitness Spider Lunge;2705
Spider lunge stretch;2493
Spider lunge with T-rotation;2494
Standing quad stretch;2583
Vertical jump;2821
King Maker Burpee;1730
King Maker Explosive High Jump;1734
Muscle Beach Skip;1979
Muscle Beach Broad Jump;1975
Muscle Beach Sprint;1981
Muscle Beach Front Kick;1977
Muscle Beach Side Kick;1978
Muscle Beach Spin Kick;1980
Muscle Beach Freestyle Kick;1976
MetaBurn Alternating Curtsy Lunge To Squat;1900
MetaBurn Alternating Curtsy Lunge With High Knee;1901
MetaBurn Alternating Diagonal Sprawl;1902
MetaBurn Alternating Lateral Sprawl;1905
MetaBurn Curtsy Lunge;1913
MetaBurn Frogger;1922
MetaBurn High Knee Rotation;1925
MetaBurn Side-To-Side Lunge;1950
MetaBurn Star Jump;1960
MetaBurn Tuck Jump With Knee Slap;1966
MetaBurn Lateral Bounding Hop;1928
MetaBurn Double Lunge;1914
Robertson Sprinter Step-Up;2193
FYR2 Front Kick-Through;870
Lunge high-knee clap;1816
FYR2 Plyo Split Squat;906
FYR2 Reverse Burpee;910
FYR2 Reverse Burpee to Regular Burpee;912
FYR2 Reverse Burpee Tuck Jump;911
FYR2 Sprawlee;926
FYR2 Squat Hold;927
FYR2 Squat Jump;928
FYR2 Squat Pulse;929
Sprinter burpee;2505
Shuttle run training;2298
Seated Front Deltoid;2241
Handstand push-up;1166
Upward Stretch;2815
Medicine ball ninja;1889
FYR Air Ball Plus Medicine Ball Jumping Sprawl;785
Medicine ball cowboy squat;1885
Medicine ball jumping jill;1888
Wall ball toss;2830
Exercise ball Bulgarian split squat;768
Band Pull Apart;289
FYR Band Pull-Apart;788
HM Lateral Raise;1074
Rusin Banded Over-And-Back;2214
Rusin Banded Face Pull;2213
UP Band Pull-Apart;2785
Jordan Shallow Band-Resisted Thread the Needle;1675
30 Shoulders Seated Banded Barbell Shoulder Press;162
Band shoulder press;305
Band lateral raise;297
Band upright row;310
Staggered-stance band shoulder press;2519
Single-arm banded landmine press;2343
Band front raise rear fly row combo;294
Jordan Shallow Foam Roller Thoracic Extension;1677
Jordan Shallow Thread the Needle (with Foam Roller);1678
Clean and press;544
Clean and jerk;543
Military press;1970
Seated barbell shoulder press;2263
Standing Bradford press;2526
Barbell Shoulder Press;345
Barbell rear delt bent-over row;372
Barbell upright row;385
Lying rear delt fly;1854
Machine Shoulder (Military) Press;1862
Standing Barbell Press Behind Neck;2522
Barbell front raise;363
Overhead bar front raise;2032
Incline barbell shoulder protraction;1643
Behind-the-head push-press;398
Seated EZ-bar shrug;2240
Paul Carter Barbell Seated Military Press;2065
TBS Barbell Military Press;2645
Incline Front Barbell Raise - Gethin Variation;1634
Barbell Front Raise - Gethin Variation;336
Single-arm barbell lateral raise;2345
AM Upright Row;220
AM Barbell Shoulder Press;194
Standing barbell shoulder press;2560
King Maker Barbell Thruster;1729
Single-arm incline cable cross-over;2370
Barbell bear complex;353
30 Shoulders Barbell Shrug;144
30 Shoulders Incline Face-Up Straight-Bar Front Raise;156
30 Shoulders Seated Dumbbell Shoulder Press;164
30 Shoulders Standing Behind-The-Head Shoulder Press;172
30 Shoulders Standing Barbell Press;171
FYR2 Wide Overhead Press;933
Single-arm kettlebell push-press;2381
Single-arm kettlebell snatch;2384
Single-arm kettlebell clean and jerk;2378
Kettlebell pirate ship;1714
Double Kettlebell Push Press;625
Double-kettlebell windmill;636
FYR Kettlebell Power Clean;811
Kettlebell upright row;1724
Kettlebell upright row and press;1725
Single-arm kettlebell thruster;2386
Double-kettlebell shoulder press;635
Double-kettlebell push-press;634
HM Kettlebell Windmill;1070
HM Kettlebell Z-Press;1071
Taylor Half-Kneeling Kettlebell Halo;2672
Taylor Towel Kettlebell Farmer's Walk;2679
FYR2 Double-Kettlebell Alternating Press;847
FYR2 Double-Kettlebell Thruster;854
FYR2 Half-Kneeling Kettlebell Clean;872
FYR2 Kettlebell Clean and Press;874
FYR2 Kettlebell High Pull to Overhead Press;881
FYR2 Kettlebell Swing Clean and Press;890
FYR2 Single-Arm Kettlebell Press;918
FYR2 Ascending-Rep High-Pull-Press Complex;838
Dumbbell front raise to lateral raise;706
Single-arm palm-in dumbbell shoulder press;2396
Standing palms-in shoulder press;2582
Seated Dumbbell Press;2239
Standing dumbbell shoulder press;2573
Single-arm lateral raise;2391
Incline dumbbell reverse fly;1655
Overhead dumbbell front raise;2034
Seated dumbbell shoulder press;2270
Alternating standing shoulder press;259
Single-arm incline rear delt raise;2374
Alternating dumbbell front raise;247
Alternating Deltoid Raise;238
Single-dumbbell front raise;2405
Arnold press;263
Single-arm standing shoulder press;2401
Dumbbell front raise;704
Bent-over dumbbell rear delt row;425
Incline dumbbell front raise;1653
Side Lateral Raise;2302
Dumbbell external shoulder rotation;701
Single-arm incline lateral raise;2373
Seated rear delt fly;2279
Seated Side Lateral Raise;2257
Dumbbell Lying Rear Lateral Raise;678
Head-on-bench dumbbell rear delt raise;1183
Cuban press;586
Single-arm side lying rear fly;2400
Single-arm dumbbell upright row;2367
Single-arm half-kneeling shoulder press;2368
Dumbbell shoulder press with body rotation;732
Dumbbell Fix Dumbbell Military Press;655
Dumbbell Fix Standing Dumbbell Arnold Press;666
Dumbbell Fix Dumbbell Single-Arm Snatch;659
Paul Carter Rear-Delt Fly;2076
FYR Dumbbell Shoulder Press;801
FYR Single-Arm Dumbbell Press;823
FYR Dumbbell Tempo L-Raise;802
Dumbbell seesaw shoulder press;730
FYR Dumbbell front raise to lateral raise;804
FYR Dumbbell Arnold Press;795
FYR Dumbbell Military Press to Dumbbell High Pull to V-up;800
FYR Dumbbell Thruster;803
Dumbbell hang snatch;709
Surfer sprawl;2623
Dumbbell clean and press;696
Standing One-Arm Shoulder Press - Gethin Variation;2552
Incline Front Dumbbell Raise - Gethin Variation;1635
Dumbbell lateral raise;715
Incline Rear-Delt Fly - Gethin Variation;1640
Incline Bench Rear Dumbbell Fly - Gethin Variation;1623
Dumbbell front raise and press;705
Rotator cuff warm-up;2209
Seated Lateral Raise - Gethin Variation;2248
Single-arm dumbbell arc row;2357
Incline Rear Delt Raises - Gethin Variation;1639
Incline Dumbbell Y Raise;1632
HM Bent-Over Rear-Delt Fly;1016
HM Dumbbell Shoulder Press;1044
HM Single-Leg Overhead Dumbbell Press;1123
6 Way Shoulder Raise;179
Seated dumbbell lateral raise;2269
AM Dumbbell Shoulder Press;203
AM Dumbbell Side Raise;204
AM Front Raise;206
UP Dumbbell Lateral Raise;2797
UP Seated Dumbbell Overhead Press;2807
AA Incline Bench Dumbbell Reverse Fly;183
CM Forward Shoulder Press;476
Dumbbell Halo;673
Standing Dumbbell Scap Raise;2536
Holman Overhead Press;1409
Holman Slow Weighted Half Jack to Overhead Press;1485
Holman Slow Arnold Press;1479
Holman Boat Arnold Press with Feet Push-Out;1238
Holman Dumbbell Hip Drive to Overhead Press;1276
Holman Squat Thrust to Alternating Renegade Triceps Press;1502
Holman Cheer Press;1257
Holman Left Arm Press with Right Arm Hold;1377
Holman Right Arm Press with Left Arm Hold;1440
Holman Left Front Raise with Right Hold;1379
Holman Right Front Raise with Left Hold;1443
Holman Alternating Front Raise to Side Raise;1219
Holman Heavy Right Arm Overhead Press;1349
Holman Heavy Left Arm Overhead Press;1347
Holman Right Arm Heavy Overhead Press;1439
Holman Right Diagonal Lunge to Overhead Press;1442
Holman Left Arm Heavy Overhead Press;1376
Holman Weighted Palms-In Overhead Press;1594
Dumbbell racked carry;722
Dumbbell clean and push-press;697
Total Fitness Dumbbell Farmer's Carry;2694
Single-arm dumbbell racked carry;2362
Jordan Shallow Dumbbell Pull-Over;1676
King Maker Dumbbell Lateral Raise;1732
Dumbbell shadow boxing;731
King Maker Dumbbell Farmer's Carry;1731
King Maker Dumbbell Shrug;1733
30 Shoulders Alternating Dumbbell Front Raise;143
30 Shoulders Bent-Over Dumbbell Reverse Fly;145
30 Shoulders Dumbbell Front Raise;150
30 Shoulders Dumbbell Lateral Raise;151
30 Shoulders Dumbbell Shrug;152
30 Shoulders Incline Face-Down Dumbbell Reverse Fly;155
30 Shoulders Seated Dumbbell Front Raise;163
30 Shoulders Seated Dumbbell Side Raise;165
30 Shoulders Neutral-Grip Arnold Press;159
30 Shoulders Standing Dumbbell Upright Row;173
MetaBurn 3-Way Shoulder Raise;1899
MetaBurn Dumbbell Overhead Press;1917
MetaBurn Single-Leg Arnold Press;1951
RG Forward-Leaning Dumbbell Upright Row;2144
RG Alternating Seated Dumbbell Lateral Raise;2143
RG Seated Dumbbell Shoulder Press;2145
FYR2 Dumbbell Clean and Jerk;856
FYR2 Dumbbell Cross-Body Front Raise;858
FYR2 Dumbbell Front Raise;862
FYR2 Dumbbell Lateral Raise;864
FYR2 Lateral Raise Hold;895
FYR2 Seesaw Dumbbell Military Press;915
FYR2 Single-Dumbbell Halo;921
FYR2 Single-Dumbbell Overhead Press;922
Car driver;520
Arnold press;263
Front Plate Raise;963
Battle ropes;387
Seated rear delt fly;2279
Landmine Linear Jammer;1766
Sled Reverse Flye;2439
Plate shoulder circle big to small;2104
Standing suspended rear delt fly;2586
Waiter's carry;2822
Towel dumbbell front raise;2709
Reach-roll-lift combo;2153
Upright Row - Gethin Variation;2812
Squat Press Shoulder Press - Gethin Variation;2511
Plate lateral raise;2102
Standing Military Press - Gethin Variation;2550
Bent-over plate rear delt raise;426
Single-arm landmine press;2388
Plate front raise;2099
Holman Slow Overhead Press;1483
30 Shoulders Plate Front Raise;161
Single-arm landmine push-press;2390
Single-arm cable front raise;2350
Seated face pull;2271
Single-arm bent-over cable rear delt fly;2347
Seated cable shoulder press;2267
Standing face pull;2576
Standing cable rear delt row;2566
Standing Low-Pulley Deltoid Raise;2549
Standing crossed-cable rear delt fly;2570
Cable Seated Lateral Raise;490
Single-arm lying cable front raise;2393
Lying cable front raise;1841
Cable Rear Delt Fly - Gethin Variation;487
One-Arm Cable Side Raise - Gethin Variation;2012
Rope Face Pull - Gethin Variation;2205
Lying cable lateral raise;1842
Cable seated row;504
Single-arm cable lateral raise;2351
UP Cable Face Pull;2790
AA Cable Leaning Side Raise;182
30 Shoulders Bent-Over Low Cable Reverse Fly;146
30 Shoulders Cable Rope Face Pull;147
30 Shoulders Cable Straight-Bar Front Raise;148
30 Shoulders Cable Straight-Bar Upright Row;149
30 Shoulders High Cable Reverse Fly;154
30 Shoulders Single-Arm Bent-Over Cable Reverse Fly;166
30 Shoulders Single-Arm Cable Front Raise;167
30 Shoulders Single-Arm Leaning Cable Lateral Raise;168
RG 3-Way Single-Arm Rear Delt Cable Fly;2142
RG Single-Arm Cross-Body Cable Front Raise;2146
Smith machine shoulder press;2472
Machine shoulder press;1877
Reverse Machine Flyes;2170
Single-arm Smith machine upright row;2340
Machine Lateral Raise;1857
Smith machine behind-the-neck press;2456
Smith Machine Behind-The-Neck Press - Gethin Variation;2446
30 Shoulders Leg Press Shoulder Press;157
30 Shoulders Machine Shoulder Press;158
30 Shoulders Pec-Deck Reverse Fly;160
30 Shoulders Smith Machine Behind-The-Head Press;169
30 Shoulders Smith Machine Shoulder Press;170
Shoulder Circles;2288
Cross-body shoulder stretch;576
Arm circle;261
Shoulder Raise;2292
Hand Stand Push-Up;1163
Wall walk;2837
Return Push from Stance;2156
Wall shoulder tap;2833
Bear crawl shoulder tap;393
Shadow boxing;2285
Bear crawl fire feet;390
Wall sprawl;2835
Bent Over Shoulder Y;415
Shoulder L;2290
Shoulder Dislocation Stretch-Dowel;2289
TBS Inverted Row;2659
PVC Shoulder Stretch;2037
Shoulder T;2293
HM Arm Circle;1009
HM Shoulder Stretch;1113
HM Shoulder Stretch on Floor;1114
HM Shoulder Tap;1115
HM Hand-On-Wall Stretch;1056
HM Jumping Arm Circle;1065
Kipping Clapping Pull-Up;1743
Holman Kneeling Overhead Press to Donkey Kick;1373
Floor angel;950
Shoulder extension stretch;2294
Standing Towel Triceps Extension;2553
Overhead Triceps;2031
Medicine ball scoop throw;1894
Incline face-down bar front raise;1657
Incline anti-gravity shoulder press;1641
30 Shoulders EZ-Bar Front Raise;153
Bent-over shoulder rotation;428
Band overhead triceps press;301
Band overhead triceps extension;300
Band straight-arm pull-down;309
Band skullcrusher;306
Single-arm band kick-back;2341
Incline EZ-bar skullcrusher;1633
Bench Press - Powerlifting;403
Behind-the-head skullcrusher;399
Standing barbell overhead triceps extension;2559
Reverse-grip bench press;2178
Decline Barbell Triceps Extension - Gethin Variation;593
AM Skullcrusher;217
30 Arms Close-Grip Bench Press;14
30 Arms Barbell Skullcrusher;6
FYR2 Sprawl Over Kettlebell;925
Dumbbell floor press;703
Seated triceps press;2280
Tricep Dumbbell Kickback;2718
Standing Dumbbell Triceps Extension;2538
Double-arm triceps kick-back;630
Single-arm dumbbell triceps extension;2366
Dumbbell skullcrusher;736
Standing Bent-Over One-Arm Dumbbell Triceps Extension;2523
V-sit with overhead triceps extension;2816
PJR Pull-Over;2035
Paul Carter Dumbbell Kick-Back;2069
Single-arm dumbbell skullcrusher;2364
Dumbbells-together incline bench press;750
Incline dumbbell overhead triceps extension;1654
Dumbbell Crush Press;648
Holman Hovering Renegade Triceps Press;1361
Holman Heavy Triceps Press to Overhead Press;1351
Total Fitness Close-Grip Dumbbell Press;2693
Dumbbell row to triceps kick-back;726
Rolling triceps press;2198
MetaBurn Skullcrusher to Ab Crunch;1955
FYR2 Single-Dumbbell Triceps Extension;924
30 Arms Overhead Dumbbell Triceps Extension;27
30 Arms Dumbbell Skullcrusher;17
30 Arms Dumbbell Kick-Back;16
30 Arms BFR Dumbbell Kick-Back;3
Dumbbell saw triceps skullcrusher;727
Body Triceps Press Using Flat Bench;435
Seated triceps push-down;2281
Machine triceps extension-;1878
Holman Overhead Weighted Triceps Press;1410
30 Arms Weighted Triceps Dip;44
Cable V-bar push-down;494
Reverse Grip Triceps Pushdown;2167
Kneeling cable triceps extension;1759
Single-arm cable triceps extension;2354
Dip Machine;620
Triceps Pushdown;2722
Low cable overhead triceps extension;1810
Lying cable triceps extension;1844
Cable overhead triceps extension;498
Single-arm low cable triceps extension;2392
Incline cable straight-bar triceps extension;1648
Paul Carter Overhead Rope Triceps Extension;2075
TBS Rope Cable Push-Down;2663
Single-arm cable triceps kick-back;2355
Incline cable rope triceps extension;1647
Reverse-grip cable straight-bar push-down;2180
Kneeling Cable Triceps Extension - Gethin Variation;1754
Cable Overhead Triceps Extension - Gethin Variation;485
Reverse-Grip Cable Triceps Pushdown - Gethin Variation;2175
Cable Triceps Extension - Gethin Variation;493
Single-arm incline triceps extension;2375
Triceps Overhead Extension with Rope - Gethin Variation;2720
Cable rope push-down;503
Cable straight-bar push-down;508
Straight-arm bar pull-down;2603
AM Rope Triceps Pushdown;213
AM Bar Triceps Push-Down;193
Rope overhead triceps extension;2208
UP Rope Push-down;2805
UP Triceps Extension Straight-Bar Push-Down;2810
LD Cable One-Arm Upright Row;1765
30 Arms Underhand Cable Straight-Bar Push-Down;43
30 Arms Single-Arm Reverse-Grip Cable Push-Down;33
30 Arms Cable V-Bar Push-Down;13
30 Arms Cable Straight-Bar Push-Down;12
30 Arms Cable Rope Push-Down;10
30 Arms Cable Rope Overhead Triceps Extension;9
BFR underhand straight-bar push-down;276
BFR overhand straight-bar push-down;275
BFR cable rope push-down;274
Triceps Pressdown;2721
Machine Triceps Extension;1865
Smith machine end-grip shoulder press;2464
Assist machine triceps push-down;265
Smith machine close-grip bench press-;2461
Machine Triceps Extension - Gethin Variation;1866
Overhead Machine Triceps Extension - Gethin Variation;2029
30 Arms Machine Triceps Dip;26
Triceps dip;2724
Weighted bench dip;2847
Push-Ups - Close Triceps Position;2131
Parallel Bar Dip;2045
Ring dip;2188
Feet-elevated bench dip;937
Bodyweight triceps press;443
Tricep Side Stretch;2719
Triceps Stretch;2723
Russian Bar Dip;2215
Straight-arm plank with kick-back;2608
TBS Dip;2650
Bench Dips - Gethin Variation;402
Banded dip;320
Bench Dip - Gethin Variation;401
HM Chair Dip;1027
Bench dip;409
Holman Step Triceps Dip;1516
Holman Chair Triceps Dip;1256
Bodyweight Triceps Rope Press;439
Holman Heavy Triceps Overhead Press;1350
Holman Couch Triceps Dip;1258
FYR2 Triceps Push-Up;932
30 Arms Triceps Dip;42
30 Arms Close-Grip Push-Up;15
30 Arms BFR Close-Grip Push-Up;2
Decline EZ-bar skullcrusher;599
EZ-Bar Skullcrusher;753
EZ-bar skullcrusher-;757
EZ-Bar Skullcrusher - Gethin Variation;754
TBS Skullcrusher;2664
30 Arms EZ-Bar Skullcrusher;19
